Date,fluxdata,source
1/1/1980,18.6093063,Flux
2/1/1980,31.6051579,Flux
3/1/1980,34.8339157,Flux
4/1/1980,43.4421692,Flux
5/1/1980,41.7736969,Flux
6/1/1980,79.2971573,Flux
7/1/1980,104.537186,Flux
8/1/1980,88.1880188,Flux
9/1/1980,59.1178932,Flux
10/1/1980,39.4483414,Flux
11/1/1980,24.6516533,Flux
12/1/1980,25.5481071,Flux
1/1/1981,21.4462566,Flux
2/1/1981,32.4778404,Flux
3/1/1981,36.5248337,Flux
4/1/1981,47.9505234,Flux
5/1/1981,45.2807884,Flux
6/1/1981,33.38134,Flux
7/1/1981,46.5835304,Flux
8/1/1981,58.7895622,Flux
9/1/1981,50.2549477,Flux
10/1/1981,23.6952362,Flux
11/1/1981,18.3129005,Flux
12/1/1981,19.1550922,Flux
1/1/1982,18.3059273,Flux
2/1/1982,30.4735298,Flux
3/1/1982,38.4184036,Flux
4/1/1982,36.1179047,Flux
5/1/1982,38.3595848,Flux
6/1/1982,59.3778267,Flux
7/1/1982,73.7748337,Flux
8/1/1982,76.0855331,Flux
9/1/1982,74.6489639,Flux
10/1/1982,37.1539574,Flux
11/1/1982,14.9787788,Flux
12/1/1982,14.5773249,Flux
1/1/1983,20.3230381,Flux
2/1/1983,30.6107197,Flux
3/1/1983,37.3710136,Flux
4/1/1983,56.272789,Flux
5/1/1983,48.7698708,Flux
6/1/1983,46.0636635,Flux
7/1/1983,52.2924156,Flux
8/1/1983,37.388382,Flux
9/1/1983,36.8836899,Flux
10/1/1983,37.3943748,Flux
11/1/1983,14.3669214,Flux
12/1/1983,33.3131218,Flux
1/1/1984,19.6814156,Flux
2/1/1984,24.5619869,Flux
3/1/1984,38.3592606,Flux
4/1/1984,50.8172302,Flux
5/1/1984,58.688427,Flux
6/1/1984,64.3244247,Flux
7/1/1984,69.0401993,Flux
8/1/1984,69.3526459,Flux
9/1/1984,64.9083481,Flux
10/1/1984,23.5784245,Flux
11/1/1984,18.8965244,Flux
12/1/1984,14.6732626,Flux
1/1/1985,23.0659752,Flux
2/1/1985,31.1392651,Flux
3/1/1985,34.8143425,Flux
4/1/1985,35.545372,Flux
5/1/1985,51.0410805,Flux
6/1/1985,66.4632645,Flux
7/1/1985,68.4468994,Flux
8/1/1985,82.0837173,Flux
9/1/1985,56.2118301,Flux
10/1/1985,26.0408726,Flux
11/1/1985,15.779274,Flux
12/1/1985,25.8766308,Flux
1/1/1986,18.4704151,Flux
2/1/1986,31.786787,Flux
3/1/1986,41.1979561,Flux
4/1/1986,48.3015289,Flux
5/1/1986,36.5331535,Flux
6/1/1986,30.5714893,Flux
7/1/1986,81.8119965,Flux
8/1/1986,56.6895218,Flux
9/1/1986,33.7516632,Flux
10/1/1986,26.9947186,Flux
11/1/1986,17.5531349,Flux
12/1/1986,16.2686272,Flux
1/1/1987,20.2263622,Flux
2/1/1987,27.5149803,Flux
3/1/1987,43.0715637,Flux
4/1/1987,55.0365448,Flux
5/1/1987,35.2448463,Flux
6/1/1987,35.4504013,Flux
7/1/1987,43.295536,Flux
8/1/1987,73.499176,Flux
9/1/1987,51.4220886,Flux
10/1/1987,45.9665184,Flux
11/1/1987,22.0972042,Flux
12/1/1987,17.3525257,Flux
1/1/1988,22.2636604,Flux
2/1/1988,30.9223022,Flux
3/1/1988,37.0821152,Flux
4/1/1988,43.1110497,Flux
5/1/1988,60.0785561,Flux
6/1/1988,69.2529678,Flux
7/1/1988,68.879158,Flux
8/1/1988,65.353447,Flux
9/1/1988,78.5223465,Flux
10/1/1988,50.0381317,Flux
11/1/1988,27.5667896,Flux
12/1/1988,23.2490883,Flux
1/1/1989,13.4660902,Flux
2/1/1989,39.0063553,Flux
3/1/1989,45.5737686,Flux
4/1/1989,51.1363907,Flux
5/1/1989,45.5297775,Flux
6/1/1989,45.9385719,Flux
7/1/1989,50.0322647,Flux
8/1/1989,58.634922,Flux
9/1/1989,65.6725922,Flux
10/1/1989,49.0492897,Flux
11/1/1989,19.1326504,Flux
12/1/1989,31.2016449,Flux
1/1/1990,11.3875456,Flux
2/1/1990,22.1351147,Flux
3/1/1990,35.2586594,Flux
4/1/1990,39.2563286,Flux
5/1/1990,46.782383,Flux
6/1/1990,80.9288788,Flux
7/1/1990,62.6522064,Flux
8/1/1990,79.5724258,Flux
9/1/1990,50.6776352,Flux
10/1/1990,44.3595695,Flux
11/1/1990,21.4303951,Flux
12/1/1990,25.9470901,Flux
1/1/1991,16.1932812,Flux
2/1/1991,21.8047981,Flux
3/1/1991,33.8464088,Flux
4/1/1991,32.671772,Flux
5/1/1991,32.4611969,Flux
6/1/1991,41.1827202,Flux
7/1/1991,51.6438408,Flux
8/1/1991,48.5860634,Flux
9/1/1991,32.2182884,Flux
10/1/1991,41.2097206,Flux
11/1/1991,22.1565628,Flux
12/1/1991,14.5606556,Flux
1/1/1992,13.9538517,Flux
2/1/1992,21.7001114,Flux
3/1/1992,39.805027,Flux
4/1/1992,42.0326424,Flux
5/1/1992,43.1440353,Flux
6/1/1992,49.1393166,Flux
7/1/1992,57.7912865,Flux
8/1/1992,61.8186188,Flux
9/1/1992,53.5315094,Flux
10/1/1992,49.1081581,Flux
11/1/1992,17.2823029,Flux
12/1/1992,17.418066,Flux
1/1/1993,16.1870804,Flux
2/1/1993,26.9920769,Flux
3/1/1993,38.1865768,Flux
4/1/1993,44.4003983,Flux
5/1/1993,40.8311844,Flux
6/1/1993,41.2127914,Flux
7/1/1993,69.7120514,Flux
8/1/1993,78.2446747,Flux
9/1/1993,62.3795166,Flux
10/1/1993,38.9569931,Flux
11/1/1993,20.4346447,Flux
12/1/1993,13.4241743,Flux
1/1/1994,16.8739185,Flux
2/1/1994,26.4567566,Flux
3/1/1994,39.2522392,Flux
4/1/1994,39.813324,Flux
5/1/1994,39.6850471,Flux
6/1/1994,39.8641701,Flux
7/1/1994,77.849884,Flux
8/1/1994,43.7515335,Flux
9/1/1994,48.2373466,Flux
10/1/1994,34.3959579,Flux
11/1/1994,17.7392216,Flux
12/1/1994,18.479084,Flux
1/1/1995,17.5161419,Flux
2/1/1995,25.9337788,Flux
3/1/1995,31.634573,Flux
4/1/1995,39.9593315,Flux
5/1/1995,52.4971237,Flux
6/1/1995,58.5915909,Flux
7/1/1995,58.8031616,Flux
8/1/1995,36.3905525,Flux
9/1/1995,48.1345024,Flux
10/1/1995,35.3903694,Flux
11/1/1995,18.2314281,Flux
12/1/1995,23.9206715,Flux
1/1/1996,23.3901634,Flux
2/1/1996,33.4804993,Flux
3/1/1996,52.2849083,Flux
4/1/1996,52.8483238,Flux
5/1/1996,70.7967911,Flux
6/1/1996,58.4324608,Flux
7/1/1996,81.0999374,Flux
8/1/1996,45.7929764,Flux
9/1/1996,39.4040184,Flux
10/1/1996,36.2960739,Flux
11/1/1996,22.8627758,Flux
12/1/1996,20.2528763,Flux
1/1/1997,17.7943535,Flux
2/1/1997,25.3009014,Flux
3/1/1997,33.7181396,Flux
4/1/1997,38.7893715,Flux
5/1/1997,46.0235786,Flux
6/1/1997,47.0763321,Flux
7/1/1997,64.7521362,Flux
8/1/1997,70.0291519,Flux
9/1/1997,59.9834175,Flux
10/1/1997,29.5811443,Flux
11/1/1997,20.0705357,Flux
12/1/1997,20.9291039,Flux
1/1/1998,18.2758064,Flux
2/1/1998,25.6073875,Flux
3/1/1998,42.9537926,Flux
4/1/1998,53.2379608,Flux
5/1/1998,80.9591141,Flux
6/1/1998,109.867188,Flux
7/1/1998,109.933411,Flux
8/1/1998,67.7901154,Flux
9/1/1998,49.5966148,Flux
10/1/1998,27.9888992,Flux
11/1/1998,18.4061565,Flux
12/1/1998,21.5291805,Flux
1/1/1999,21.245697,Flux
2/1/1999,32.7620277,Flux
3/1/1999,40.4562492,Flux
4/1/1999,42.677536,Flux
5/1/1999,52.5930099,Flux
6/1/1999,43.4133263,Flux
7/1/1999,48.5756111,Flux
8/1/1999,96.1927567,Flux
9/1/1999,77.3919754,Flux
10/1/1999,51.903862,Flux
11/1/1999,33.2508659,Flux
12/1/1999,21.3529873,Flux
1/1/2000,26.2490673,Flux
2/1/2000,33.1451263,Flux
3/1/2000,47.4770241,Flux
4/1/2000,52.1687202,Flux
5/1/2000,56.4780464,Flux
6/1/2000,52.3107796,Flux
7/1/2000,107.151932,Flux
8/1/2000,105.84684,Flux
9/1/2000,83.0824127,Flux
10/1/2000,38.9180069,Flux
11/1/2000,18.0033951,Flux
12/1/2000,25.32131,Flux
1/1/2001,19.2616158,Flux
2/1/2001,31.4547901,Flux
3/1/2001,35.378437,Flux
4/1/2001,46.5384674,Flux
5/1/2001,49.744194,Flux
6/1/2001,50.7738914,Flux
7/1/2001,65.7034683,Flux
8/1/2001,61.9996529,Flux
9/1/2001,41.2437668,Flux
10/1/2001,37.0511627,Flux
11/1/2001,22.7035332,Flux
12/1/2001,17.9125175,Flux
1/1/2002,21.4487133,Flux
2/1/2002,33.347477,Flux
3/1/2002,49.090641,Flux
4/1/2002,47.2131844,Flux
5/1/2002,66.0666885,Flux
6/1/2002,55.4603958,Flux
7/1/2002,53.380497,Flux
8/1/2002,53.4025154,Flux
9/1/2002,45.7309647,Flux
10/1/2002,27.1570244,Flux
11/1/2002,20.0134468,Flux
12/1/2002,19.040062,Flux
1/1/2003,26.2083244,Flux
2/1/2003,30.6670017,Flux
3/1/2003,40.6294289,Flux
4/1/2003,50.7828331,Flux
5/1/2003,73.0305634,Flux
6/1/2003,63.975975,Flux
7/1/2003,57.8142204,Flux
8/1/2003,67.2525253,Flux
9/1/2003,43.8075638,Flux
10/1/2003,34.3144722,Flux
11/1/2003,18.6267242,Flux
12/1/2003,19.8161144,Flux
1/1/2004,17.6368694,Flux
2/1/2004,28.8603077,Flux
3/1/2004,33.7075806,Flux
4/1/2004,38.6847496,Flux
5/1/2004,46.6840057,Flux
6/1/2004,39.3097534,Flux
7/1/2004,53.9997597,Flux
8/1/2004,59.5350952,Flux
9/1/2004,56.2205811,Flux
10/1/2004,34.3769989,Flux
11/1/2004,14.5104532,Flux
12/1/2004,19.4591923,Flux
1/1/2005,21.7282925,Flux
2/1/2005,25.1349773,Flux
3/1/2005,38.2203789,Flux
4/1/2005,49.5659027,Flux
5/1/2005,58.7978859,Flux
6/1/2005,91.691391,Flux
7/1/2005,72.1589966,Flux
8/1/2005,63.7696075,Flux
9/1/2005,73.189949,Flux
10/1/2005,46.6946564,Flux
11/1/2005,26.079134,Flux
12/1/2005,22.8988571,Flux
1/1/2006,14.7018862,Flux
2/1/2006,29.4074688,Flux
3/1/2006,43.0812073,Flux
4/1/2006,54.539608,Flux
5/1/2006,59.7857513,Flux
6/1/2006,73.365448,Flux
7/1/2006,55.8998184,Flux
8/1/2006,74.353508,Flux
9/1/2006,55.8986473,Flux
10/1/2006,30.7172546,Flux
11/1/2006,20.9642487,Flux
12/1/2006,18.7954903,Flux
1/1/2007,15.5529776,Flux
2/1/2007,34.1290474,Flux
3/1/2007,40.0466728,Flux
4/1/2007,40.5312767,Flux
5/1/2007,38.7854691,Flux
6/1/2007,45.5784492,Flux
7/1/2007,35.8415871,Flux
8/1/2007,47.5734711,Flux
9/1/2007,48.8168106,Flux
10/1/2007,34.2346497,Flux
11/1/2007,24.8662987,Flux
12/1/2007,20.1235085,Flux
1/1/2008,18.0050964,Flux
2/1/2008,27.6112003,Flux
3/1/2008,41.1916695,Flux
4/1/2008,52.1037636,Flux
5/1/2008,63.046917,Flux
6/1/2008,91.4164047,Flux
7/1/2008,84.844017,Flux
8/1/2008,57.045578,Flux
9/1/2008,63.0447617,Flux
10/1/2008,43.0272636,Flux
11/1/2008,21.8604832,Flux
12/1/2008,22.8543072,Flux
1/1/2009,26.5298386,Flux
2/1/2009,34.0134697,Flux
3/1/2009,44.4764595,Flux
4/1/2009,40.4815254,Flux
5/1/2009,52.4115524,Flux
6/1/2009,108.742706,Flux
7/1/2009,102.215691,Flux
8/1/2009,81.7296448,Flux
9/1/2009,43.8116112,Flux
10/1/2009,26.8450279,Flux
11/1/2009,17.0212669,Flux
12/1/2009,20.2237015,Flux
1/1/2010,23.2667007,Flux
2/1/2010,33.2421494,Flux
3/1/2010,44.0775185,Flux
4/1/2010,52.7201424,Flux
5/1/2010,61.2935371,Flux
6/1/2010,65.865921,Flux
7/1/2010,52.0760345,Flux
8/1/2010,72.1133423,Flux
9/1/2010,44.9892731,Flux
10/1/2010,53.8870201,Flux
11/1/2010,22.0614758,Flux
12/1/2010,28.581459,Flux
1/1/2011,18.9670067,Flux
2/1/2011,42.181675,Flux
3/1/2011,52.9603996,Flux
4/1/2011,72.4404831,Flux
5/1/2011,95.408783,Flux
6/1/2011,128.042236,Flux
7/1/2011,111.330246,Flux
8/1/2011,128.193787,Flux
9/1/2011,103.046188,Flux
10/1/2011,57.9074593,Flux
11/1/2011,29.3911076,Flux
12/1/2011,22.8434505,Flux
1/1/2012,19.6044579,Flux
2/1/2012,25.2552376,Flux
3/1/2012,32.9413872,Flux
4/1/2012,41.3166618,Flux
5/1/2012,59.9853745,Flux
6/1/2012,83.3718414,Flux
7/1/2012,63.2985573,Flux
8/1/2012,79.1957855,Flux
9/1/2012,71.47686,Flux
10/1/2012,45.0302086,Flux
11/1/2012,28.8783569,Flux
12/1/2012,21.2310581,Flux
1/1/2013,20.9258194,Flux
2/1/2013,31.1082077,Flux
3/1/2013,51.8814468,Flux
4/1/2013,50.0228577,Flux
5/1/2013,66.2748413,Flux
6/1/2013,94.8475647,Flux
7/1/2013,93.7961273,Flux
8/1/2013,95.0053177,Flux
9/1/2013,68.0634155,Flux
10/1/2013,30.4422321,Flux
11/1/2013,17.5451298,Flux
12/1/2013,26.2490406,Flux
1/1/2014,20.5844307,Flux
2/1/2014,34.8025131,Flux
3/1/2014,36.1009293,Flux
4/1/2014,48.047184,Flux
5/1/2014,49.7716713,Flux
6/1/2014,56.909256,Flux
7/1/2014,73.5887527,Flux
8/1/2014,79.7089691,Flux
9/1/2014,48.5536118,Flux
10/1/2014,33.3534241,Flux
11/1/2014,18.2955284,Flux
12/1/2014,16.7397194,Flux
1/1/2015,19.6633263,Flux
2/1/2015,34.0564232,Flux
3/1/2015,35.9325867,Flux
4/1/2015,36.9576836,Flux
5/1/2015,36.603817,Flux
6/1/2015,46.5127678,Flux
7/1/2015,81.491684,Flux
8/1/2015,82.0578537,Flux
9/1/2015,57.6904869,Flux
10/1/2015,47.6767654,Flux
11/1/2015,15.775466,Flux
12/1/2015,17.9383564,Flux
1/1/2016,21.4433365,Flux
2/1/2016,33.7452431,Flux
3/1/2016,38.8128624,Flux
4/1/2016,36.1377296,Flux
5/1/2016,43.7871552,Flux
6/1/2016,47.4698296,Flux
7/1/2016,77.0382385,Flux
8/1/2016,52.5510483,Flux
9/1/2016,44.556385,Flux
10/1/2016,44.4317932,Flux
11/1/2016,19.1809883,Flux
12/1/2016,23.7772503,Flux
1/1/2017,16.3908348,Flux
2/1/2017,27.9603653,Flux
3/1/2017,30.8624001,Flux
4/1/2017,35.3857994,Flux
5/1/2017,53.879776,Flux
6/1/2017,55.0436249,Flux
7/1/2017,71.0594711,Flux
8/1/2017,50.4382515,Flux
9/1/2017,53.3082085,Flux
10/1/2017,37.8678551,Flux
11/1/2017,24.042778,Flux
12/1/2017,21.7973022,Flux
1/1/2018,24.8651848,Flux
2/1/2018,28.7146969,Flux
3/1/2018,41.3959427,Flux
4/1/2018,47.8641434,Flux
5/1/2018,61.1272049,Flux
6/1/2018,77.287384,Flux
7/1/2018,82.7956696,Flux
8/1/2018,82.2625961,Flux
9/1/2018,41.3434372,Flux
10/1/2018,28.9013004,Flux
11/1/2018,23.7697582,Flux
12/1/2018,20.0181885,Flux
1/1/2019,21.4829655,Flux
2/1/2019,28.8712692,Flux
3/1/2019,47.0278625,Flux
4/1/2019,43.183548,Flux
5/1/2019,49.910881,Flux
6/1/2019,57.3197289,Flux
7/1/2019,77.1471405,Flux
8/1/2019,85.6403351,Flux
9/1/2019,73.787468,Flux
10/1/2019,44.6527863,Flux
11/1/2019,26.1236286,Flux
12/1/2019,25.4517174,Flux
1/1/2020,17.2247448,Flux
2/1/2020,32.702301,Flux
3/1/2020,36.365078,Flux
4/1/2020,41.0055771,Flux
5/1/2020,49.677227,Flux
6/1/2020,73.2099762,Flux
7/1/2020,85.2046127,Flux
8/1/2020,95.0853119,Flux
9/1/2020,62.2145233,Flux
10/1/2020,50.846962,Flux
11/1/2020,30.1147804,Flux
12/1/2020,20.9786415,Flux
1/1/2021,21.4597435,Flux
2/1/2021,36.7074318,Flux
3/1/2021,43.9703751,Flux
4/1/2021,44.0871468,Flux
5/1/2021,42.0722389,Flux
6/1/2021,52.6857605,Flux
7/1/2021,50.1243668,Flux
8/1/2021,60.5593452,Flux
9/1/2021,67.571373,Flux
10/1/2021,35.5360794,Flux
11/1/2021,25.0442276,Flux
12/1/2021,22.3597088,Flux
1/1/2022,27.706192,Flux
2/1/2022,36.6511192,Flux
3/1/2022,41.2422981,Flux
4/1/2022,52.7448502,Flux
5/1/2022,70.2437134,Flux
6/1/2022,114.885536,Flux
7/1/2022,117.829758,Flux
8/1/2022,76.1411209,Flux
9/1/2022,77.970253,Flux
10/1/2022,59.1415176,Flux
11/1/2022,24.1661415,Flux
12/1/2022,27.4385796,Flux
1/1/2023,17.8779678,Flux
2/1/2023,33.9011497,Flux
3/1/2023,42.3942566,Flux
4/1/2023,42.8471947,Flux
5/1/2023,44.5527687,Flux
6/1/2023,86.7686462,Flux
7/1/2023,110.50116,Flux
8/1/2023,137.318161,Flux
9/1/2023,98.6317978,Flux
10/1/2023,47.955616,Flux
11/1/2023,27.1223259,Flux
12/1/2023,22.8885708,Flux
1/1/2024,24.5665474,Flux
2/1/2024,31.33321,Flux
3/1/2024,39.8849678,Flux
4/1/2024,37.5333672,Flux
5/1/2024,44.3441238,Flux
6/1/2024,58.6335526,Flux
6/1/2024,58.6335526,Flux
7/1/2024,53.749424,Flux
7/1/2024,53.749424,Flux
8/1/2024,75.5828476,Flux
8/1/2024,75.5828476,Flux
9/1/2024,69.4667587,Flux
9/1/2024,69.4667587,Flux
10/1/2024,63.5447502,Flux
10/1/2024,63.5447502,Flux
11/1/2024,22.6505318,Flux
11/1/2024,22.6505318,Flux
12/1/2024,19.9765015,Flux
12/1/2024,19.9765015,Flux
1/1/2025,20.8425236,Flux
1/1/2025,20.8425236,Flux
1/1/1980,39.47714984,Trend
2/1/1980,39.49659959,Trend
3/1/1980,39.51479452,Trend
4/1/1980,39.53424427,Trend
5/1/1980,39.5530666,Trend
6/1/1980,39.57251635,Trend
7/1/1980,39.59133869,Trend
8/1/1980,39.61078844,Trend
9/1/1980,39.63023819,Trend
10/1/1980,39.64906053,Trend
11/1/1980,39.66851028,Trend
12/1/1980,39.68733261,Trend
1/1/1981,39.70678236,Trend
2/1/1981,39.72623211,Trend
3/1/1981,39.74379963,Trend
4/1/1981,39.76324938,Trend
5/1/1981,39.78207172,Trend
6/1/1981,39.80152146,Trend
7/1/1981,39.8203438,Trend
8/1/1981,39.83979355,Trend
9/1/1981,39.8592433,Trend
10/1/1981,39.87806564,Trend
11/1/1981,39.89751539,Trend
12/1/1981,39.91633773,Trend
1/1/1982,39.93578747,Trend
2/1/1982,39.95523722,Trend
3/1/1982,39.97280474,Trend
4/1/1982,39.99225449,Trend
5/1/1982,40.01107683,Trend
6/1/1982,40.03052657,Trend
7/1/1982,40.04934891,Trend
8/1/1982,40.06879866,Trend
9/1/1982,40.08824841,Trend
10/1/1982,40.10707075,Trend
11/1/1982,40.1265205,Trend
12/1/1982,40.14534284,Trend
1/1/1983,40.16479258,Trend
2/1/1983,40.18424233,Trend
3/1/1983,40.20180985,Trend
4/1/1983,40.2212596,Trend
5/1/1983,40.24008194,Trend
6/1/1983,40.25953169,Trend
7/1/1983,40.27835402,Trend
8/1/1983,40.29780377,Trend
9/1/1983,40.31725352,Trend
10/1/1983,40.33607586,Trend
11/1/1983,40.35552561,Trend
12/1/1983,40.37434795,Trend
1/1/1984,40.3937977,Trend
2/1/1984,40.41324744,Trend
3/1/1984,40.43144237,Trend
4/1/1984,40.45089212,Trend
5/1/1984,40.46971446,Trend
6/1/1984,40.48916421,Trend
7/1/1984,40.50798655,Trend
8/1/1984,40.52743629,Trend
9/1/1984,40.54688604,Trend
10/1/1984,40.56570838,Trend
11/1/1984,40.58515813,Trend
12/1/1984,40.60398047,Trend
1/1/1985,40.62343022,Trend
2/1/1985,40.64287997,Trend
3/1/1985,40.66044748,Trend
4/1/1985,40.67989723,Trend
5/1/1985,40.69871957,Trend
6/1/1985,40.71816932,Trend
7/1/1985,40.73699166,Trend
8/1/1985,40.7564414,Trend
9/1/1985,40.77589115,Trend
10/1/1985,40.79471349,Trend
11/1/1985,40.81416324,Trend
12/1/1985,40.83298558,Trend
1/1/1986,40.85243533,Trend
2/1/1986,40.87188508,Trend
3/1/1986,40.88945259,Trend
4/1/1986,40.90890234,Trend
5/1/1986,40.92772468,Trend
6/1/1986,40.94717443,Trend
7/1/1986,40.96599677,Trend
8/1/1986,40.98544652,Trend
9/1/1986,41.00489626,Trend
10/1/1986,41.0237186,Trend
11/1/1986,41.04316835,Trend
12/1/1986,41.06199069,Trend
1/1/1987,41.08144044,Trend
2/1/1987,41.10089019,Trend
3/1/1987,41.1184577,Trend
4/1/1987,41.13790745,Trend
5/1/1987,41.15672979,Trend
6/1/1987,41.17617954,Trend
7/1/1987,41.19500188,Trend
8/1/1987,41.21445163,Trend
9/1/1987,41.23390137,Trend
10/1/1987,41.25272371,Trend
11/1/1987,41.27217346,Trend
12/1/1987,41.2909958,Trend
1/1/1988,41.31044555,Trend
2/1/1988,41.3298953,Trend
3/1/1988,41.34809022,Trend
4/1/1988,41.36753997,Trend
5/1/1988,41.38636231,Trend
6/1/1988,41.40581206,Trend
7/1/1988,41.4246344,Trend
8/1/1988,41.44408415,Trend
9/1/1988,41.4635339,Trend
10/1/1988,41.48235623,Trend
11/1/1988,41.50180598,Trend
12/1/1988,41.52062832,Trend
1/1/1989,41.54007807,Trend
2/1/1989,41.55952782,Trend
3/1/1989,41.57709534,Trend
4/1/1989,41.59654508,Trend
5/1/1989,41.61536742,Trend
6/1/1989,41.63481717,Trend
7/1/1989,41.65363951,Trend
8/1/1989,41.67308926,Trend
9/1/1989,41.69253901,Trend
10/1/1989,41.71136135,Trend
11/1/1989,41.73081109,Trend
12/1/1989,41.74963343,Trend
1/1/1990,41.76908318,Trend
2/1/1990,41.78853293,Trend
3/1/1990,41.80610045,Trend
4/1/1990,41.82555019,Trend
5/1/1990,41.84437253,Trend
6/1/1990,41.86382228,Trend
7/1/1990,41.88264462,Trend
8/1/1990,41.90209437,Trend
9/1/1990,41.92154412,Trend
10/1/1990,41.94036646,Trend
11/1/1990,41.9598162,Trend
12/1/1990,41.97863854,Trend
1/1/1991,41.99808829,Trend
2/1/1991,42.01753804,Trend
3/1/1991,42.03510556,Trend
4/1/1991,42.05455531,Trend
5/1/1991,42.07337764,Trend
6/1/1991,42.09282739,Trend
7/1/1991,42.11164973,Trend
8/1/1991,42.13109948,Trend
9/1/1991,42.15054923,Trend
10/1/1991,42.16937157,Trend
11/1/1991,42.18882132,Trend
12/1/1991,42.20764365,Trend
1/1/1992,42.2270934,Trend
2/1/1992,42.24654315,Trend
3/1/1992,42.26473808,Trend
4/1/1992,42.28418783,Trend
5/1/1992,42.30301017,Trend
6/1/1992,42.32245991,Trend
7/1/1992,42.34128225,Trend
8/1/1992,42.360732,Trend
9/1/1992,42.38018175,Trend
10/1/1992,42.39900409,Trend
11/1/1992,42.41845384,Trend
12/1/1992,42.43727618,Trend
1/1/1993,42.45672592,Trend
2/1/1993,42.47617567,Trend
3/1/1993,42.49374319,Trend
4/1/1993,42.51319294,Trend
5/1/1993,42.53201528,Trend
6/1/1993,42.55146502,Trend
7/1/1993,42.57028736,Trend
8/1/1993,42.58973711,Trend
9/1/1993,42.60918686,Trend
10/1/1993,42.6280092,Trend
11/1/1993,42.64745895,Trend
12/1/1993,42.66628129,Trend
1/1/1994,42.68573103,Trend
2/1/1994,42.70518078,Trend
3/1/1994,42.7227483,Trend
4/1/1994,42.74219805,Trend
5/1/1994,42.76102039,Trend
6/1/1994,42.78047014,Trend
7/1/1994,42.79929247,Trend
8/1/1994,42.81874222,Trend
9/1/1994,42.83819197,Trend
10/1/1994,42.85701431,Trend
11/1/1994,42.87646406,Trend
12/1/1994,42.8952864,Trend
1/1/1995,42.91473615,Trend
2/1/1995,42.93418589,Trend
3/1/1995,42.95175341,Trend
4/1/1995,42.97120316,Trend
5/1/1995,42.9900255,Trend
6/1/1995,43.00947525,Trend
7/1/1995,43.02829758,Trend
8/1/1995,43.04774733,Trend
9/1/1995,43.06719708,Trend
10/1/1995,43.08601942,Trend
11/1/1995,43.10546917,Trend
12/1/1995,43.12429151,Trend
1/1/1996,43.14374126,Trend
2/1/1996,43.16319101,Trend
3/1/1996,43.18138593,Trend
4/1/1996,43.20083568,Trend
5/1/1996,43.21965802,Trend
6/1/1996,43.23910777,Trend
7/1/1996,43.25793011,Trend
8/1/1996,43.27737985,Trend
9/1/1996,43.2968296,Trend
10/1/1996,43.31565194,Trend
11/1/1996,43.33510169,Trend
12/1/1996,43.35392403,Trend
1/1/1997,43.37337378,Trend
2/1/1997,43.39282353,Trend
3/1/1997,43.41039104,Trend
4/1/1997,43.42984079,Trend
5/1/1997,43.44866313,Trend
6/1/1997,43.46811288,Trend
7/1/1997,43.48693522,Trend
8/1/1997,43.50638497,Trend
9/1/1997,43.52583471,Trend
10/1/1997,43.54465705,Trend
11/1/1997,43.5641068,Trend
12/1/1997,43.58292914,Trend
1/1/1998,43.60237889,Trend
2/1/1998,43.62182864,Trend
3/1/1998,43.63939615,Trend
4/1/1998,43.6588459,Trend
5/1/1998,43.67766824,Trend
6/1/1998,43.69711799,Trend
7/1/1998,43.71594033,Trend
8/1/1998,43.73539008,Trend
9/1/1998,43.75483983,Trend
10/1/1998,43.77366216,Trend
11/1/1998,43.79311191,Trend
12/1/1998,43.81193425,Trend
1/1/1999,43.831384,Trend
2/1/1999,43.85083375,Trend
3/1/1999,43.86840126,Trend
4/1/1999,43.88785101,Trend
5/1/1999,43.90667335,Trend
6/1/1999,43.9261231,Trend
7/1/1999,43.94494544,Trend
8/1/1999,43.96439519,Trend
9/1/1999,43.98384494,Trend
10/1/1999,44.00266727,Trend
11/1/1999,44.02211702,Trend
12/1/1999,44.04093936,Trend
1/1/2000,44.06038911,Trend
2/1/2000,44.07983886,Trend
3/1/2000,44.09803379,Trend
4/1/2000,44.11748353,Trend
5/1/2000,44.13630587,Trend
6/1/2000,44.15575562,Trend
7/1/2000,44.17457796,Trend
8/1/2000,44.19402771,Trend
9/1/2000,44.21347746,Trend
10/1/2000,44.2322998,Trend
11/1/2000,44.25174954,Trend
12/1/2000,44.27057188,Trend
1/1/2001,44.29002163,Trend
2/1/2001,44.30947138,Trend
3/1/2001,44.3270389,Trend
4/1/2001,44.34648865,Trend
5/1/2001,44.36531098,Trend
6/1/2001,44.38476073,Trend
7/1/2001,44.40358307,Trend
8/1/2001,44.42303282,Trend
9/1/2001,44.44248257,Trend
10/1/2001,44.46130491,Trend
11/1/2001,44.48075466,Trend
12/1/2001,44.49957699,Trend
1/1/2002,44.51902674,Trend
2/1/2002,44.53847649,Trend
3/1/2002,44.55604401,Trend
4/1/2002,44.57549376,Trend
5/1/2002,44.59431609,Trend
6/1/2002,44.61376584,Trend
7/1/2002,44.63258818,Trend
8/1/2002,44.65203793,Trend
9/1/2002,44.67148768,Trend
10/1/2002,44.69031002,Trend
11/1/2002,44.70975977,Trend
12/1/2002,44.7285821,Trend
1/1/2003,44.74803185,Trend
2/1/2003,44.7674816,Trend
3/1/2003,44.78504912,Trend
4/1/2003,44.80449887,Trend
5/1/2003,44.8233212,Trend
6/1/2003,44.84277095,Trend
7/1/2003,44.86159329,Trend
8/1/2003,44.88104304,Trend
9/1/2003,44.90049279,Trend
10/1/2003,44.91931513,Trend
11/1/2003,44.93876488,Trend
12/1/2003,44.95758721,Trend
1/1/2004,44.97703696,Trend
2/1/2004,44.99648671,Trend
3/1/2004,45.01468164,Trend
4/1/2004,45.03413139,Trend
5/1/2004,45.05295373,Trend
6/1/2004,45.07240348,Trend
7/1/2004,45.09122581,Trend
8/1/2004,45.11067556,Trend
9/1/2004,45.13012531,Trend
10/1/2004,45.14894765,Trend
11/1/2004,45.1683974,Trend
12/1/2004,45.18721974,Trend
1/1/2005,45.20666949,Trend
2/1/2005,45.22611923,Trend
3/1/2005,45.24368675,Trend
4/1/2005,45.2631365,Trend
5/1/2005,45.28195884,Trend
6/1/2005,45.30140859,Trend
7/1/2005,45.32023092,Trend
8/1/2005,45.33968067,Trend
9/1/2005,45.35913042,Trend
10/1/2005,45.37795276,Trend
11/1/2005,45.39740251,Trend
12/1/2005,45.41622485,Trend
1/1/2006,45.4356746,Trend
2/1/2006,45.45512434,Trend
3/1/2006,45.47269186,Trend
4/1/2006,45.49214161,Trend
5/1/2006,45.51096395,Trend
6/1/2006,45.5304137,Trend
7/1/2006,45.54923603,Trend
8/1/2006,45.56868578,Trend
9/1/2006,45.58813553,Trend
10/1/2006,45.60695787,Trend
11/1/2006,45.62640762,Trend
12/1/2006,45.64522996,Trend
1/1/2007,45.66467971,Trend
2/1/2007,45.68412946,Trend
3/1/2007,45.70169697,Trend
4/1/2007,45.72114672,Trend
5/1/2007,45.73996906,Trend
6/1/2007,45.75941881,Trend
7/1/2007,45.77824114,Trend
8/1/2007,45.79769089,Trend
9/1/2007,45.81714064,Trend
10/1/2007,45.83596298,Trend
11/1/2007,45.85541273,Trend
12/1/2007,45.87423507,Trend
1/1/2008,45.89368482,Trend
2/1/2008,45.91313457,Trend
3/1/2008,45.93132949,Trend
4/1/2008,45.95077924,Trend
5/1/2008,45.96960158,Trend
6/1/2008,45.98905133,Trend
7/1/2008,46.00787367,Trend
8/1/2008,46.02732342,Trend
9/1/2008,46.04677316,Trend
10/1/2008,46.0655955,Trend
11/1/2008,46.08504525,Trend
12/1/2008,46.10386759,Trend
1/1/2009,46.12331734,Trend
2/1/2009,46.14276709,Trend
3/1/2009,46.1603346,Trend
4/1/2009,46.17978435,Trend
5/1/2009,46.19860669,Trend
6/1/2009,46.21805644,Trend
7/1/2009,46.23687878,Trend
8/1/2009,46.25632853,Trend
9/1/2009,46.27577828,Trend
10/1/2009,46.29460061,Trend
11/1/2009,46.31405036,Trend
12/1/2009,46.3328727,Trend
1/1/2010,46.35232245,Trend
2/1/2010,46.3717722,Trend
3/1/2010,46.38933971,Trend
4/1/2010,46.40878946,Trend
5/1/2010,46.4276118,Trend
6/1/2010,46.44706155,Trend
7/1/2010,46.46588389,Trend
8/1/2010,46.48533364,Trend
9/1/2010,46.50478339,Trend
10/1/2010,46.52360572,Trend
11/1/2010,46.54305547,Trend
12/1/2010,46.56187781,Trend
1/1/2011,46.58132756,Trend
2/1/2011,46.60077731,Trend
3/1/2011,46.61834482,Trend
4/1/2011,46.63779457,Trend
5/1/2011,46.65661691,Trend
6/1/2011,46.67606666,Trend
7/1/2011,46.694889,Trend
8/1/2011,46.71433875,Trend
9/1/2011,46.7337885,Trend
10/1/2011,46.75261083,Trend
11/1/2011,46.77206058,Trend
12/1/2011,46.79088292,Trend
1/1/2012,46.81033267,Trend
2/1/2012,46.82978242,Trend
3/1/2012,46.84797735,Trend
4/1/2012,46.8674271,Trend
5/1/2012,46.88624943,Trend
6/1/2012,46.90569918,Trend
7/1/2012,46.92452152,Trend
8/1/2012,46.94397127,Trend
9/1/2012,46.96342102,Trend
10/1/2012,46.98224336,Trend
11/1/2012,47.00169311,Trend
12/1/2012,47.02051544,Trend
1/1/2013,47.03996519,Trend
2/1/2013,47.05941494,Trend
3/1/2013,47.07698246,Trend
4/1/2013,47.09643221,Trend
5/1/2013,47.11525454,Trend
6/1/2013,47.13470429,Trend
7/1/2013,47.15352663,Trend
8/1/2013,47.17297638,Trend
9/1/2013,47.19242613,Trend
10/1/2013,47.21124847,Trend
11/1/2013,47.23069822,Trend
12/1/2013,47.24952055,Trend
1/1/2014,47.2689703,Trend
2/1/2014,47.28842005,Trend
3/1/2014,47.30598757,Trend
4/1/2014,47.32543732,Trend
5/1/2014,47.34425965,Trend
6/1/2014,47.3637094,Trend
7/1/2014,47.38253174,Trend
8/1/2014,47.40198149,Trend
9/1/2014,47.42143124,Trend
10/1/2014,47.44025358,Trend
11/1/2014,47.45970333,Trend
12/1/2014,47.47852566,Trend
1/1/2015,47.49797541,Trend
2/1/2015,47.51742516,Trend
3/1/2015,47.53499268,Trend
4/1/2015,47.55444243,Trend
5/1/2015,47.57326476,Trend
6/1/2015,47.59271451,Trend
7/1/2015,47.61153685,Trend
8/1/2015,47.6309866,Trend
9/1/2015,47.65043635,Trend
10/1/2015,47.66925869,Trend
11/1/2015,47.68870844,Trend
12/1/2015,47.70753078,Trend
1/1/2016,47.72698052,Trend
2/1/2016,47.74643027,Trend
3/1/2016,47.7646252,Trend
4/1/2016,47.78407495,Trend
5/1/2016,47.80289729,Trend
6/1/2016,47.82234704,Trend
7/1/2016,47.84116937,Trend
8/1/2016,47.86061912,Trend
9/1/2016,47.88006887,Trend
10/1/2016,47.89889121,Trend
11/1/2016,47.91834096,Trend
12/1/2016,47.9371633,Trend
1/1/2017,47.95661305,Trend
2/1/2017,47.9760628,Trend
3/1/2017,47.99363031,Trend
4/1/2017,48.01308006,Trend
5/1/2017,48.0319024,Trend
6/1/2017,48.05135215,Trend
7/1/2017,48.07017448,Trend
8/1/2017,48.08962423,Trend
9/1/2017,48.10907398,Trend
10/1/2017,48.12789632,Trend
11/1/2017,48.14734607,Trend
12/1/2017,48.16616841,Trend
1/1/2018,48.18561816,Trend
2/1/2018,48.20506791,Trend
3/1/2018,48.22263542,Trend
4/1/2018,48.24208517,Trend
5/1/2018,48.26090751,Trend
6/1/2018,48.28035726,Trend
7/1/2018,48.29917959,Trend
8/1/2018,48.31862934,Trend
9/1/2018,48.33807909,Trend
10/1/2018,48.35690143,Trend
11/1/2018,48.37635118,Trend
12/1/2018,48.39517352,Trend
1/1/2019,48.41462327,Trend
2/1/2019,48.43407302,Trend
3/1/2019,48.45164053,Trend
4/1/2019,48.47109028,Trend
5/1/2019,48.48991262,Trend
6/1/2019,48.50936237,Trend
7/1/2019,48.52818471,Trend
8/1/2019,48.54763445,Trend
9/1/2019,48.5670842,Trend
10/1/2019,48.58590654,Trend
11/1/2019,48.60535629,Trend
12/1/2019,48.62417863,Trend
1/1/2020,48.64362838,Trend
2/1/2020,48.66307813,Trend
3/1/2020,48.68127305,Trend
4/1/2020,48.7007228,Trend
5/1/2020,48.71954514,Trend
6/1/2020,48.73899489,Trend
7/1/2020,48.75781723,Trend
8/1/2020,48.77726698,Trend
9/1/2020,48.79671673,Trend
10/1/2020,48.81553906,Trend
11/1/2020,48.83498881,Trend
12/1/2020,48.85381115,Trend
1/1/2021,48.8732609,Trend
2/1/2021,48.89271065,Trend
3/1/2021,48.91027816,Trend
4/1/2021,48.92972791,Trend
5/1/2021,48.94855025,Trend
6/1/2021,48.968,Trend
7/1/2021,48.98682234,Trend
8/1/2021,49.00627209,Trend
9/1/2021,49.02572184,Trend
10/1/2021,49.04454417,Trend
11/1/2021,49.06399392,Trend
12/1/2021,49.08281626,Trend
1/1/2022,49.10226601,Trend
2/1/2022,49.12171576,Trend
3/1/2022,49.13928327,Trend
4/1/2022,49.15873302,Trend
5/1/2022,49.17755536,Trend
6/1/2022,49.19700511,Trend
7/1/2022,49.21582745,Trend
8/1/2022,49.2352772,Trend
9/1/2022,49.25472695,Trend
10/1/2022,49.27354928,Trend
11/1/2022,49.29299903,Trend
12/1/2022,49.31182137,Trend
1/1/2023,49.33127112,Trend
2/1/2023,49.35072087,Trend
3/1/2023,49.36828839,Trend
4/1/2023,49.38773813,Trend
5/1/2023,49.40656047,Trend
6/1/2023,49.42601022,Trend
7/1/2023,49.44483256,Trend
8/1/2023,49.46428231,Trend
9/1/2023,49.48373206,Trend
10/1/2023,49.5025544,Trend
11/1/2023,49.52200414,Trend
12/1/2023,49.54082648,Trend
1/1/2024,49.56027623,Trend
2/1/2024,49.57972598,Trend
3/1/2024,49.59792091,Trend
4/1/2024,49.61737066,Trend
5/1/2024,49.63619299,Trend
6/1/2024,49.65564274,Trend
6/1/2024,49.65564274,Trend
7/1/2024,49.67446508,Trend
7/1/2024,49.67446508,Trend
8/1/2024,49.69391483,Trend
8/1/2024,49.69391483,Trend
9/1/2024,49.71336458,Trend
9/1/2024,49.71336458,Trend
10/1/2024,49.73218692,Trend
10/1/2024,49.73218692,Trend
11/1/2024,49.75163667,Trend
11/1/2024,49.75163667,Trend
12/1/2024,49.770459,Trend
12/1/2024,49.770459,Trend
1/1/2025,49.78990875,Trend
1/1/2025,49.78990875,Trend
1/1/1980,29.2815971,Flux2
2/1/1980,36.3851624,Flux2
3/1/1980,54.1165047,Flux2
4/1/1980,84.8195648,Flux2
5/1/1980,112.788719,Flux2
6/1/1980,117.850571,Flux2
7/1/1980,86.0347977,Flux2
8/1/1980,69.8002701,Flux2
9/1/1980,78.1137772,Flux2
10/1/1980,60.6872787,Flux2
11/1/1980,34.2494545,Flux2
12/1/1980,24.827631,Flux2
1/1/1981,21.2195435,Flux2
2/1/1981,33.5336838,Flux2
3/1/1981,49.0728378,Flux2
4/1/1981,75.5385971,Flux2
5/1/1981,111.583,Flux2
6/1/1981,128.22876,Flux2
7/1/1981,129.633057,Flux2
8/1/1981,92.7868729,Flux2
9/1/1981,96.6162186,Flux2
10/1/1981,67.1712341,Flux2
11/1/1981,44.364296,Flux2
12/1/1981,30.3016186,Flux2
1/1/1982,28.2593727,Flux2
2/1/1982,35.1608582,Flux2
3/1/1982,56.5717621,Flux2
4/1/1982,84.8383942,Flux2
5/1/1982,109.209999,Flux2
6/1/1982,123.106026,Flux2
7/1/1982,104.372009,Flux2
8/1/1982,80.4036942,Flux2
9/1/1982,68.9950485,Flux2
10/1/1982,56.2592049,Flux2
11/1/1982,39.5929947,Flux2
12/1/1982,34.5732574,Flux2
1/1/1983,26.8679314,Flux2
2/1/1983,38.7651825,Flux2
3/1/1983,55.478611,Flux2
4/1/1983,75.3393402,Flux2
5/1/1983,103.805176,Flux2
6/1/1983,120.15062,Flux2
7/1/1983,122.734055,Flux2
8/1/1983,105.977585,Flux2
9/1/1983,95.7740173,Flux2
10/1/1983,69.5940094,Flux2
11/1/1983,45.4865761,Flux2
12/1/1983,26.6423264,Flux2
1/1/1984,22.857233,Flux2
2/1/1984,39.0435791,Flux2
3/1/1984,55.6358948,Flux2
4/1/1984,77.4845428,Flux2
5/1/1984,97.5335999,Flux2
6/1/1984,113.089508,Flux2
7/1/1984,104.050529,Flux2
8/1/1984,85.7030106,Flux2
9/1/1984,71.4283066,Flux2
10/1/1984,65.6274109,Flux2
11/1/1984,44.5445709,Flux2
12/1/1984,33.2401085,Flux2
1/1/1985,29.6649132,Flux2
2/1/1985,30.8292847,Flux2
3/1/1985,58.3511353,Flux2
4/1/1985,83.5656738,Flux2
5/1/1985,110.953247,Flux2
6/1/1985,117.087524,Flux2
7/1/1985,106.766243,Flux2
8/1/1985,75.5881958,Flux2
9/1/1985,73.9611893,Flux2
10/1/1985,66.2254257,Flux2
11/1/1985,46.2631798,Flux2
12/1/1985,29.4789486,Flux2
1/1/1986,27.8090973,Flux2
2/1/1986,36.8905411,Flux2
3/1/1986,54.1355247,Flux2
4/1/1986,80.3417816,Flux2
5/1/1986,107.857124,Flux2
6/1/1986,129.552856,Flux2
7/1/1986,114.268616,Flux2
8/1/1986,90.3875198,Flux2
9/1/1986,94.3500748,Flux2
10/1/1986,69.9045258,Flux2
11/1/1986,40.782074,Flux2
12/1/1986,29.184227,Flux2
1/1/1987,26.489399,Flux2
2/1/1987,36.222599,Flux2
3/1/1987,53.0153351,Flux2
4/1/1987,71.6346893,Flux2
5/1/1987,100.240273,Flux2
6/1/1987,126.94162,Flux2
7/1/1987,124.693092,Flux2
8/1/1987,88.0751648,Flux2
9/1/1987,91.8375702,Flux2
10/1/1987,56.351799,Flux2
11/1/1987,37.111927,Flux2
12/1/1987,30.5939236,Flux2
1/1/1988,26.4196606,Flux2
2/1/1988,34.330162,Flux2
3/1/1988,54.8440666,Flux2
4/1/1988,80.6711578,Flux2
5/1/1988,101.261337,Flux2
6/1/1988,104.235535,Flux2
7/1/1988,97.453743,Flux2
8/1/1988,74.9182434,Flux2
9/1/1988,62.9873734,Flux2
10/1/1988,48.1781578,Flux2
11/1/1988,32.5245552,Flux2
12/1/1988,26.4355049,Flux2
1/1/1989,28.9332676,Flux2
2/1/1989,32.153698,Flux2
3/1/1989,49.6322441,Flux2
4/1/1989,76.0980835,Flux2
5/1/1989,111.075447,Flux2
6/1/1989,119.164268,Flux2
7/1/1989,115.706047,Flux2
8/1/1989,95.338913,Flux2
9/1/1989,76.0102539,Flux2
10/1/1989,50.5354462,Flux2
11/1/1989,37.4165077,Flux2
12/1/1989,20.435585,Flux2
1/1/1990,29.41749,Flux2
2/1/1990,40.2254982,Flux2
3/1/1990,53.905735,Flux2
4/1/1990,84.4899826,Flux2
5/1/1990,109.820076,Flux2
6/1/1990,112.803062,Flux2
7/1/1990,106.193123,Flux2
8/1/1990,75.5937347,Flux2
9/1/1990,77.1399536,Flux2
10/1/1990,58.7478065,Flux2
11/1/1990,38.7891273,Flux2
12/1/1990,26.5816879,Flux2
1/1/1991,29.4485092,Flux2
2/1/1991,36.0260811,Flux2
3/1/1991,56.8187828,Flux2
4/1/1991,88.1115112,Flux2
5/1/1991,107.858147,Flux2
6/1/1991,131.2771,Flux2
7/1/1991,125.04203,Flux2
8/1/1991,96.309845,Flux2
9/1/1991,90.4925919,Flux2
10/1/1991,62.2456589,Flux2
11/1/1991,37.8071671,Flux2
12/1/1991,31.63657,Flux2
1/1/1992,28.2856426,Flux2
2/1/1992,40.1969833,Flux2
3/1/1992,55.0738983,Flux2
4/1/1992,81.4281082,Flux2
5/1/1992,102.221985,Flux2
6/1/1992,132.920425,Flux2
7/1/1992,124.473518,Flux2
8/1/1992,94.3284836,Flux2
9/1/1992,80.9107056,Flux2
10/1/1992,52.9394073,Flux2
11/1/1992,39.0263863,Flux2
12/1/1992,31.0241737,Flux2
1/1/1993,29.3903999,Flux2
2/1/1993,35.8533173,Flux2
3/1/1993,55.0918922,Flux2
4/1/1993,79.9764786,Flux2
5/1/1993,109.156128,Flux2
6/1/1993,129.354675,Flux2
7/1/1993,122.116013,Flux2
8/1/1993,83.5506973,Flux2
9/1/1993,77.6273575,Flux2
10/1/1993,59.4101486,Flux2
11/1/1993,35.3484993,Flux2
12/1/1993,31.4330292,Flux2
1/1/1994,25.4764328,Flux2
2/1/1994,35.2899551,Flux2
3/1/1994,55.5215302,Flux2
4/1/1994,81.586937,Flux2
5/1/1994,111.984833,Flux2
6/1/1994,128.869156,Flux2
7/1/1994,110.533173,Flux2
8/1/1994,94.2825012,Flux2
9/1/1994,89.6392822,Flux2
10/1/1994,64.9648361,Flux2
11/1/1994,44.6528969,Flux2
12/1/1994,31.1151333,Flux2
1/1/1995,30.9223137,Flux2
2/1/1995,38.6412544,Flux2
3/1/1995,55.8952141,Flux2
4/1/1995,85.2229538,Flux2
5/1/1995,108.324173,Flux2
6/1/1995,134.143646,Flux2
7/1/1995,117.048874,Flux2
8/1/1995,102.912529,Flux2
9/1/1995,83.9202042,Flux2
10/1/1995,66.8675308,Flux2
11/1/1995,42.1070557,Flux2
12/1/1995,27.9346657,Flux2
1/1/1996,25.8053055,Flux2
2/1/1996,31.763483,Flux2
3/1/1996,45.6557121,Flux2
4/1/1996,75.6026077,Flux2
5/1/1996,85.2599792,Flux2
6/1/1996,106.009491,Flux2
7/1/1996,98.9528885,Flux2
8/1/1996,89.5452194,Flux2
9/1/1996,94.0825882,Flux2
10/1/1996,65.5747147,Flux2
11/1/1996,39.5401268,Flux2
12/1/1996,29.3837013,Flux2
1/1/1997,29.6412258,Flux2
2/1/1997,34.7869911,Flux2
3/1/1997,53.5041466,Flux2
4/1/1997,76.7395401,Flux2
5/1/1997,101.212044,Flux2
6/1/1997,127.492172,Flux2
7/1/1997,115.749626,Flux2
8/1/1997,87.6542664,Flux2
9/1/1997,76.1302795,Flux2
10/1/1997,63.5201263,Flux2
11/1/1997,36.0773659,Flux2
12/1/1997,29.3296852,Flux2
1/1/1998,27.6824818,Flux2
2/1/1998,39.3684578,Flux2
3/1/1998,50.7340393,Flux2
4/1/1998,76.8262863,Flux2
5/1/1998,85.5493317,Flux2
6/1/1998,85.2516937,Flux2
7/1/1998,72.1240311,Flux2
8/1/1998,80.1913757,Flux2
9/1/1998,81.0213089,Flux2
10/1/1998,68.9105148,Flux2
11/1/1998,40.6308975,Flux2
12/1/1998,32.2001457,Flux2
1/1/1999,28.4761372,Flux2
2/1/1999,39.3080139,Flux2
3/1/1999,50.2170334,Flux2
4/1/1999,85.7597351,Flux2
5/1/1999,103.732498,Flux2
6/1/1999,123.800735,Flux2
7/1/1999,119.423645,Flux2
8/1/1999,77.7296677,Flux2
9/1/1999,63.1492615,Flux2
10/1/1999,50.5123062,Flux2
11/1/1999,28.8318691,Flux2
12/1/1999,26.1230011,Flux2
1/1/2000,20.5358677,Flux2
2/1/2000,31.4849567,Flux2
3/1/2000,50.9436493,Flux2
4/1/2000,77.944603,Flux2
5/1/2000,105.52507,Flux2
6/1/2000,115.727402,Flux2
7/1/2000,81.6308517,Flux2
8/1/2000,60.031292,Flux2
9/1/2000,57.269722,Flux2
10/1/2000,50.9233055,Flux2
11/1/2000,38.4166374,Flux2
12/1/2000,23.9434071,Flux2
1/1/2001,24.3892803,Flux2
2/1/2001,33.336544,Flux2
3/1/2001,47.5039062,Flux2
4/1/2001,79.3724136,Flux2
5/1/2001,102.702522,Flux2
6/1/2001,127.174576,Flux2
7/1/2001,116.301399,Flux2
8/1/2001,82.5209732,Flux2
9/1/2001,93.788765,Flux2
10/1/2001,67.0891647,Flux2
11/1/2001,39.6891937,Flux2
12/1/2001,30.7625732,Flux2
1/1/2002,26.4442921,Flux2
2/1/2002,32.28228,Flux2
3/1/2002,47.8172073,Flux2
4/1/2002,78.5312195,Flux2
5/1/2002,93.4869156,Flux2
6/1/2002,108.166946,Flux2
7/1/2002,117.225403,Flux2
8/1/2002,94.4119568,Flux2
9/1/2002,88.2238846,Flux2
10/1/2002,62.4103546,Flux2
11/1/2002,40.6396828,Flux2
12/1/2002,28.7605286,Flux2
1/1/2003,23.9551849,Flux2
2/1/2003,32.5229416,Flux2
3/1/2003,51.3452759,Flux2
4/1/2003,73.9117126,Flux2
5/1/2003,92.2125015,Flux2
6/1/2003,109.129509,Flux2
7/1/2003,115.882736,Flux2
8/1/2003,86.6811752,Flux2
9/1/2003,94.9496613,Flux2
10/1/2003,66.9549789,Flux2
11/1/2003,43.9196129,Flux2
12/1/2003,29.9354649,Flux2
1/1/2004,27.7597542,Flux2
2/1/2004,37.5277481,Flux2
3/1/2004,57.9381332,Flux2
4/1/2004,88.1866379,Flux2
5/1/2004,111.417068,Flux2
6/1/2004,134.141037,Flux2
7/1/2004,130.821472,Flux2
8/1/2004,105.754807,Flux2
9/1/2004,83.5582199,Flux2
10/1/2004,67.4115372,Flux2
11/1/2004,44.5590134,Flux2
12/1/2004,29.7536449,Flux2
1/1/2005,27.4387951,Flux2
2/1/2005,36.3318291,Flux2
3/1/2005,55.3565178,Flux2
4/1/2005,80.6836319,Flux2
5/1/2005,97.3091583,Flux2
6/1/2005,109.597786,Flux2
7/1/2005,106.5653,Flux2
8/1/2005,93.7313004,Flux2
9/1/2005,72.7333527,Flux2
10/1/2005,54.3483467,Flux2
11/1/2005,30.7947006,Flux2
12/1/2005,25.6820927,Flux2
1/1/2006,25.9016666,Flux2
2/1/2006,35.3387184,Flux2
3/1/2006,49.665062,Flux2
4/1/2006,78.1675262,Flux2
5/1/2006,97.2191925,Flux2
6/1/2006,113.06736,Flux2
7/1/2006,112.909966,Flux2
8/1/2006,93.4435349,Flux2
9/1/2006,80.1325912,Flux2
10/1/2006,67.423111,Flux2
11/1/2006,40.8780937,Flux2
12/1/2006,30.1627007,Flux2
1/1/2007,28.4101124,Flux2
2/1/2007,30.6607933,Flux2
3/1/2007,53.8535118,Flux2
4/1/2007,81.910202,Flux2
5/1/2007,108.966087,Flux2
6/1/2007,133.663971,Flux2
7/1/2007,128.350281,Flux2
8/1/2007,111.032867,Flux2
9/1/2007,94.051239,Flux2
10/1/2007,68.7803574,Flux2
11/1/2007,38.7122536,Flux2
12/1/2007,32.0438385,Flux2
1/1/2008,27.6303883,Flux2
2/1/2008,39.2187462,Flux2
3/1/2008,53.6295815,Flux2
4/1/2008,79.7794037,Flux2
5/1/2008,97.705925,Flux2
6/1/2008,98.3539429,Flux2
7/1/2008,95.3108215,Flux2
8/1/2008,89.1303101,Flux2
9/1/2008,80.0057755,Flux2
10/1/2008,59.2556038,Flux2
11/1/2008,37.60289,Flux2
12/1/2008,28.8106518,Flux2
1/1/2009,20.5659599,Flux2
2/1/2009,32.3376617,Flux2
3/1/2009,47.5597496,Flux2
4/1/2009,80.0300751,Flux2
5/1/2009,104.971428,Flux2
6/1/2009,93.7539444,Flux2
7/1/2009,88.1721954,Flux2
8/1/2009,74.0000916,Flux2
9/1/2009,83.251915,Flux2
10/1/2009,68.9810867,Flux2
11/1/2009,44.7276726,Flux2
12/1/2009,29.0050011,Flux2
1/1/2010,22.0945301,Flux2
2/1/2010,30.7138424,Flux2
3/1/2010,48.9646072,Flux2
4/1/2010,74.0029144,Flux2
5/1/2010,94.3835983,Flux2
6/1/2010,121.40593,Flux2
7/1/2010,121.171104,Flux2
8/1/2010,84.5603256,Flux2
9/1/2010,89.0394363,Flux2
10/1/2010,52.0013695,Flux2
11/1/2010,37.3003006,Flux2
12/1/2010,22.0074081,Flux2
1/1/2011,24.1074619,Flux2
2/1/2011,28.0420628,Flux2
3/1/2011,46.3002548,Flux2
4/1/2011,59.2912254,Flux2
5/1/2011,70.4782562,Flux2
6/1/2011,72.6098709,Flux2
7/1/2011,71.1245499,Flux2
8/1/2011,45.963665,Flux2
9/1/2011,45.5029869,Flux2
10/1/2011,42.2151108,Flux2
11/1/2011,32.3864555,Flux2
12/1/2011,25.6435127,Flux2
1/1/2012,25.9209366,Flux2
2/1/2012,37.6482544,Flux2
3/1/2012,63.1461334,Flux2
4/1/2012,91.006546,Flux2
5/1/2012,101.506432,Flux2
6/1/2012,109.275543,Flux2
7/1/2012,111.000938,Flux2
8/1/2012,81.9785919,Flux2
9/1/2012,72.4593582,Flux2
10/1/2012,58.8786545,Flux2
11/1/2012,32.7497864,Flux2
12/1/2012,26.9523811,Flux2
1/1/2013,27.7280159,Flux2
2/1/2013,36.9341278,Flux2
3/1/2013,43.4080238,Flux2
4/1/2013,76.3070679,Flux2
5/1/2013,96.9811783,Flux2
6/1/2013,101.476646,Flux2
7/1/2013,88.4274139,Flux2
8/1/2013,67.3200607,Flux2
9/1/2013,65.2554855,Flux2
10/1/2013,66.1779175,Flux2
11/1/2013,42.461441,Flux2
12/1/2013,23.567009,Flux2
1/1/2014,24.0635357,Flux2
2/1/2014,31.4916725,Flux2
3/1/2014,50.3050652,Flux2
4/1/2014,78.8027954,Flux2
5/1/2014,95.16922,Flux2
6/1/2014,126.910301,Flux2
7/1/2014,110.984917,Flux2
8/1/2014,80.6220551,Flux2
9/1/2014,76.2662125,Flux2
10/1/2014,67.7236557,Flux2
11/1/2014,41.4887962,Flux2
12/1/2014,31.3117847,Flux2
1/1/2015,26.9999046,Flux2
2/1/2015,28.1622486,Flux2
3/1/2015,50.3235703,Flux2
4/1/2015,85.3652496,Flux2
5/1/2015,112.731285,Flux2
6/1/2015,139.475632,Flux2
7/1/2015,123.64904,Flux2
8/1/2015,86.2331314,Flux2
9/1/2015,82.3534851,Flux2
10/1/2015,56.5158043,Flux2
11/1/2015,44.3509445,Flux2
12/1/2015,32.9802628,Flux2
1/1/2016,27.2121372,Flux2
2/1/2016,36.5928497,Flux2
3/1/2016,59.6565056,Flux2
4/1/2016,86.7322235,Flux2
5/1/2016,113.265831,Flux2
6/1/2016,135.862717,Flux2
7/1/2016,116.333542,Flux2
8/1/2016,101.583878,Flux2
9/1/2016,93.2854614,Flux2
10/1/2016,63.4017029,Flux2
11/1/2016,39.4702339,Flux2
12/1/2016,29.7274895,Flux2
1/1/2017,30.782692,Flux2
2/1/2017,40.3726082,Flux2
3/1/2017,62.0601463,Flux2
4/1/2017,94.4045868,Flux2
5/1/2017,107.252945,Flux2
6/1/2017,126.4655,Flux2
7/1/2017,114.794975,Flux2
8/1/2017,97.2514267,Flux2
9/1/2017,98.1145401,Flux2
10/1/2017,69.0431595,Flux2
11/1/2017,36.7678337,Flux2
12/1/2017,30.4500637,Flux2
1/1/2018,21.5989056,Flux2
2/1/2018,34.7882919,Flux2
3/1/2018,56.8123436,Flux2
4/1/2018,82.6467514,Flux2
5/1/2018,102.804817,Flux2
6/1/2018,113.671463,Flux2
7/1/2018,103.568031,Flux2
8/1/2018,79.4759369,Flux2
9/1/2018,83.1636581,Flux2
10/1/2018,63.509716,Flux2
11/1/2018,38.5319176,Flux2
12/1/2018,30.2097988,Flux2
1/1/2019,26.3995857,Flux2
2/1/2019,33.9402847,Flux2
3/1/2019,47.0058022,Flux2
4/1/2019,79.9388962,Flux2
5/1/2019,111.310707,Flux2
6/1/2019,135.000839,Flux2
7/1/2019,113.120216,Flux2
8/1/2019,76.4067383,Flux2
9/1/2019,72.1308975,Flux2
10/1/2019,59.0256767,Flux2
11/1/2019,36.7731857,Flux2
12/1/2019,25.2392387,Flux2
1/1/2020,27.695715,Flux2
2/1/2020,33.9563866,Flux2
3/1/2020,56.0879478,Flux2
4/1/2020,85.0592117,Flux2
5/1/2020,107.771278,Flux2
6/1/2020,114.582947,Flux2
7/1/2020,97.8624039,Flux2
8/1/2020,76.6438446,Flux2
9/1/2020,77.9970627,Flux2
10/1/2020,54.6475525,Flux2
11/1/2020,32.7441597,Flux2
12/1/2020,27.1179733,Flux2
1/1/2021,26.698698,Flux2
2/1/2021,27.4975319,Flux2
3/1/2021,48.6057129,Flux2
4/1/2021,66.7456131,Flux2
5/1/2021,106.702316,Flux2
6/1/2021,134.306168,Flux2
7/1/2021,126.85598,Flux2
8/1/2021,97.5132904,Flux2
9/1/2021,77.8536453,Flux2
10/1/2021,71.2837906,Flux2
11/1/2021,38.0982437,Flux2
12/1/2021,30.0324688,Flux2
1/1/2022,24.2887192,Flux2
2/1/2022,29.5816307,Flux2
3/1/2022,49.2183876,Flux2
4/1/2022,78.1969833,Flux2
5/1/2022,94.8085403,Flux2
6/1/2022,85.5513916,Flux2
7/1/2022,68.4833603,Flux2
8/1/2022,69.2705841,Flux2
9/1/2022,69.0947571,Flux2
10/1/2022,42.0663834,Flux2
11/1/2022,35.117321,Flux2
12/1/2022,25.5257549,Flux2
1/1/2023,27.2641068,Flux2
2/1/2023,34.2313843,Flux2
3/1/2023,49.9803085,Flux2
4/1/2023,81.6267319,Flux2
5/1/2023,110.433655,Flux2
6/1/2023,117.344406,Flux2
7/1/2023,83.0458679,Flux2
8/1/2023,43.4888153,Flux2
9/1/2023,50.1376648,Flux2
10/1/2023,53.0074692,Flux2
11/1/2023,29.1775017,Flux2
12/1/2023,26.0021534,Flux2
1/1/2024,24.6803551,Flux2
2/1/2024,34.5318794,Flux2
3/1/2024,53.0423012,Flux2
4/1/2024,88.9098206,Flux2
5/1/2024,115.868279,Flux2
6/1/2024,133.866425,Flux2
7/1/2024,122.794914,Flux2
8/1/2024,97.518959,Flux2
9/1/2024,80.5929413,Flux2
10/1/2024,44.8490486,Flux2
11/1/2024,40.3916397,Flux2
12/1/2024,26.9215107,Flux2
1/1/2025,22.2483082,Flux2
1/1/1980,70.28889021,Trend2
2/1/1980,70.28013101,Trend2
3/1/1980,70.27193691,Trend2
4/1/1980,70.26317771,Trend2
5/1/1980,70.25470106,Trend2
6/1/1980,70.24594186,Trend2
7/1/1980,70.23746521,Trend2
8/1/1980,70.22870601,Trend2
9/1/1980,70.2199468,Trend2
10/1/1980,70.21147015,Trend2
11/1/1980,70.20271095,Trend2
12/1/1980,70.1942343,Trend2
1/1/1981,70.1854751,Trend2
2/1/1981,70.17671589,Trend2
3/1/1981,70.16880436,Trend2
4/1/1981,70.16004515,Trend2
5/1/1981,70.1515685,Trend2
6/1/1981,70.1428093,Trend2
7/1/1981,70.13433265,Trend2
8/1/1981,70.12557345,Trend2
9/1/1981,70.11681424,Trend2
10/1/1981,70.1083376,Trend2
11/1/1981,70.09957839,Trend2
12/1/1981,70.09110174,Trend2
1/1/1982,70.08234254,Trend2
2/1/1982,70.07358334,Trend2
3/1/1982,70.0656718,Trend2
4/1/1982,70.05691259,Trend2
5/1/1982,70.04843595,Trend2
6/1/1982,70.03967674,Trend2
7/1/1982,70.03120009,Trend2
8/1/1982,70.02244089,Trend2
9/1/1982,70.01368169,Trend2
10/1/1982,70.00520504,Trend2
11/1/1982,69.99644583,Trend2
12/1/1982,69.98796919,Trend2
1/1/1983,69.97920998,Trend2
2/1/1983,69.97045078,Trend2
3/1/1983,69.96253924,Trend2
4/1/1983,69.95378004,Trend2
5/1/1983,69.94530339,Trend2
6/1/1983,69.93654418,Trend2
7/1/1983,69.92806754,Trend2
8/1/1983,69.91930833,Trend2
9/1/1983,69.91054913,Trend2
10/1/1983,69.90207248,Trend2
11/1/1983,69.89331328,Trend2
12/1/1983,69.88483663,Trend2
1/1/1984,69.87607742,Trend2
2/1/1984,69.86731822,Trend2
3/1/1984,69.85912413,Trend2
4/1/1984,69.85036492,Trend2
5/1/1984,69.84188828,Trend2
6/1/1984,69.83312907,Trend2
7/1/1984,69.82465242,Trend2
8/1/1984,69.81589322,Trend2
9/1/1984,69.80713402,Trend2
10/1/1984,69.79865737,Trend2
11/1/1984,69.78989816,Trend2
12/1/1984,69.78142152,Trend2
1/1/1985,69.77266231,Trend2
2/1/1985,69.76390311,Trend2
3/1/1985,69.75599157,Trend2
4/1/1985,69.74723237,Trend2
5/1/1985,69.73875572,Trend2
6/1/1985,69.72999651,Trend2
7/1/1985,69.72151987,Trend2
8/1/1985,69.71276066,Trend2
9/1/1985,69.70400146,Trend2
10/1/1985,69.69552481,Trend2
11/1/1985,69.68676561,Trend2
12/1/1985,69.67828896,Trend2
1/1/1986,69.66952975,Trend2
2/1/1986,69.66077055,Trend2
3/1/1986,69.65285901,Trend2
4/1/1986,69.64409981,Trend2
5/1/1986,69.63562316,Trend2
6/1/1986,69.62686396,Trend2
7/1/1986,69.61838731,Trend2
8/1/1986,69.6096281,Trend2
9/1/1986,69.6008689,Trend2
10/1/1986,69.59239225,Trend2
11/1/1986,69.58363305,Trend2
12/1/1986,69.5751564,Trend2
1/1/1987,69.5663972,Trend2
2/1/1987,69.55763799,Trend2
3/1/1987,69.54972645,Trend2
4/1/1987,69.54096725,Trend2
5/1/1987,69.5324906,Trend2
6/1/1987,69.5237314,Trend2
7/1/1987,69.51525475,Trend2
8/1/1987,69.50649555,Trend2
9/1/1987,69.49773634,Trend2
10/1/1987,69.4892597,Trend2
11/1/1987,69.48050049,Trend2
12/1/1987,69.47202384,Trend2
1/1/1988,69.46326464,Trend2
2/1/1988,69.45450544,Trend2
3/1/1988,69.44631134,Trend2
4/1/1988,69.43755214,Trend2
5/1/1988,69.42907549,Trend2
6/1/1988,69.42031629,Trend2
7/1/1988,69.41183964,Trend2
8/1/1988,69.40308043,Trend2
9/1/1988,69.39432123,Trend2
10/1/1988,69.38584458,Trend2
11/1/1988,69.37708538,Trend2
12/1/1988,69.36860873,Trend2
1/1/1989,69.35984953,Trend2
2/1/1989,69.35109032,Trend2
3/1/1989,69.34317878,Trend2
4/1/1989,69.33441958,Trend2
5/1/1989,69.32594293,Trend2
6/1/1989,69.31718373,Trend2
7/1/1989,69.30870708,Trend2
8/1/1989,69.29994788,Trend2
9/1/1989,69.29118867,Trend2
10/1/1989,69.28271203,Trend2
11/1/1989,69.27395282,Trend2
12/1/1989,69.26547617,Trend2
1/1/1990,69.25671697,Trend2
2/1/1990,69.24795777,Trend2
3/1/1990,69.24004623,Trend2
4/1/1990,69.23128702,Trend2
5/1/1990,69.22281038,Trend2
6/1/1990,69.21405117,Trend2
7/1/1990,69.20557452,Trend2
8/1/1990,69.19681532,Trend2
9/1/1990,69.18805612,Trend2
10/1/1990,69.17957947,Trend2
11/1/1990,69.17082026,Trend2
12/1/1990,69.16234362,Trend2
1/1/1991,69.15358441,Trend2
2/1/1991,69.14482521,Trend2
3/1/1991,69.13691367,Trend2
4/1/1991,69.12815447,Trend2
5/1/1991,69.11967782,Trend2
6/1/1991,69.11091861,Trend2
7/1/1991,69.10244197,Trend2
8/1/1991,69.09368276,Trend2
9/1/1991,69.08492356,Trend2
10/1/1991,69.07644691,Trend2
11/1/1991,69.06768771,Trend2
12/1/1991,69.05921106,Trend2
1/1/1992,69.05045185,Trend2
2/1/1992,69.04169265,Trend2
3/1/1992,69.03349856,Trend2
4/1/1992,69.02473935,Trend2
5/1/1992,69.01626271,Trend2
6/1/1992,69.0075035,Trend2
7/1/1992,68.99902685,Trend2
8/1/1992,68.99026765,Trend2
9/1/1992,68.98150845,Trend2
10/1/1992,68.9730318,Trend2
11/1/1992,68.96427259,Trend2
12/1/1992,68.95579595,Trend2
1/1/1993,68.94703674,Trend2
2/1/1993,68.93827754,Trend2
3/1/1993,68.930366,Trend2
4/1/1993,68.9216068,Trend2
5/1/1993,68.91313015,Trend2
6/1/1993,68.90437094,Trend2
7/1/1993,68.8958943,Trend2
8/1/1993,68.88713509,Trend2
9/1/1993,68.87837589,Trend2
10/1/1993,68.86989924,Trend2
11/1/1993,68.86114004,Trend2
12/1/1993,68.85266339,Trend2
1/1/1994,68.84390418,Trend2
2/1/1994,68.83514498,Trend2
3/1/1994,68.82723344,Trend2
4/1/1994,68.81847424,Trend2
5/1/1994,68.80999759,Trend2
6/1/1994,68.80123839,Trend2
7/1/1994,68.79276174,Trend2
8/1/1994,68.78400253,Trend2
9/1/1994,68.77524333,Trend2
10/1/1994,68.76676668,Trend2
11/1/1994,68.75800748,Trend2
12/1/1994,68.74953083,Trend2
1/1/1995,68.74077163,Trend2
2/1/1995,68.73201242,Trend2
3/1/1995,68.72410088,Trend2
4/1/1995,68.71534168,Trend2
5/1/1995,68.70686503,Trend2
6/1/1995,68.69810583,Trend2
7/1/1995,68.68962918,Trend2
8/1/1995,68.68086998,Trend2
9/1/1995,68.67211077,Trend2
10/1/1995,68.66363412,Trend2
11/1/1995,68.65487492,Trend2
12/1/1995,68.64639827,Trend2
1/1/1996,68.63763907,Trend2
2/1/1996,68.62887987,Trend2
3/1/1996,68.62068577,Trend2
4/1/1996,68.61192657,Trend2
5/1/1996,68.60344992,Trend2
6/1/1996,68.59469072,Trend2
7/1/1996,68.58621407,Trend2
8/1/1996,68.57745486,Trend2
9/1/1996,68.56869566,Trend2
10/1/1996,68.56021901,Trend2
11/1/1996,68.55145981,Trend2
12/1/1996,68.54298316,Trend2
1/1/1997,68.53422396,Trend2
2/1/1997,68.52546475,Trend2
3/1/1997,68.51755321,Trend2
4/1/1997,68.50879401,Trend2
5/1/1997,68.50031736,Trend2
6/1/1997,68.49155816,Trend2
7/1/1997,68.48308151,Trend2
8/1/1997,68.47432231,Trend2
9/1/1997,68.4655631,Trend2
10/1/1997,68.45708645,Trend2
11/1/1997,68.44832725,Trend2
12/1/1997,68.4398506,Trend2
1/1/1998,68.4310914,Trend2
2/1/1998,68.4223322,Trend2
3/1/1998,68.41442066,Trend2
4/1/1998,68.40566145,Trend2
5/1/1998,68.3971848,Trend2
6/1/1998,68.3884256,Trend2
7/1/1998,68.37994895,Trend2
8/1/1998,68.37118975,Trend2
9/1/1998,68.36243055,Trend2
10/1/1998,68.3539539,Trend2
11/1/1998,68.34519469,Trend2
12/1/1998,68.33671804,Trend2
1/1/1999,68.32795884,Trend2
2/1/1999,68.31919964,Trend2
3/1/1999,68.3112881,Trend2
4/1/1999,68.3025289,Trend2
5/1/1999,68.29405225,Trend2
6/1/1999,68.28529304,Trend2
7/1/1999,68.2768164,Trend2
8/1/1999,68.26805719,Trend2
9/1/1999,68.25929799,Trend2
10/1/1999,68.25082134,Trend2
11/1/1999,68.24206214,Trend2
12/1/1999,68.23358549,Trend2
1/1/2000,68.22482628,Trend2
2/1/2000,68.21606708,Trend2
3/1/2000,68.20787299,Trend2
4/1/2000,68.19911378,Trend2
5/1/2000,68.19063713,Trend2
6/1/2000,68.18187793,Trend2
7/1/2000,68.17340128,Trend2
8/1/2000,68.16464208,Trend2
9/1/2000,68.15588288,Trend2
10/1/2000,68.14740623,Trend2
11/1/2000,68.13864702,Trend2
12/1/2000,68.13017037,Trend2
1/1/2001,68.12141117,Trend2
2/1/2001,68.11265197,Trend2
3/1/2001,68.10474043,Trend2
4/1/2001,68.09598123,Trend2
5/1/2001,68.08750458,Trend2
6/1/2001,68.07874537,Trend2
7/1/2001,68.07026872,Trend2
8/1/2001,68.06150952,Trend2
9/1/2001,68.05275032,Trend2
10/1/2001,68.04427367,Trend2
11/1/2001,68.03551447,Trend2
12/1/2001,68.02703782,Trend2
1/1/2002,68.01827861,Trend2
2/1/2002,68.00951941,Trend2
3/1/2002,68.00160787,Trend2
4/1/2002,67.99284867,Trend2
5/1/2002,67.98437202,Trend2
6/1/2002,67.97561282,Trend2
7/1/2002,67.96713617,Trend2
8/1/2002,67.95837696,Trend2
9/1/2002,67.94961776,Trend2
10/1/2002,67.94114111,Trend2
11/1/2002,67.93238191,Trend2
12/1/2002,67.92390526,Trend2
1/1/2003,67.91514606,Trend2
2/1/2003,67.90638685,Trend2
3/1/2003,67.89847531,Trend2
4/1/2003,67.88971611,Trend2
5/1/2003,67.88123946,Trend2
6/1/2003,67.87248026,Trend2
7/1/2003,67.86400361,Trend2
8/1/2003,67.85524441,Trend2
9/1/2003,67.8464852,Trend2
10/1/2003,67.83800855,Trend2
11/1/2003,67.82924935,Trend2
12/1/2003,67.8207727,Trend2
1/1/2004,67.8120135,Trend2
2/1/2004,67.8032543,Trend2
3/1/2004,67.7950602,Trend2
4/1/2004,67.786301,Trend2
5/1/2004,67.77782435,Trend2
6/1/2004,67.76906515,Trend2
7/1/2004,67.7605885,Trend2
8/1/2004,67.75182929,Trend2
9/1/2004,67.74307009,Trend2
10/1/2004,67.73459344,Trend2
11/1/2004,67.72583424,Trend2
12/1/2004,67.71735759,Trend2
1/1/2005,67.70859839,Trend2
2/1/2005,67.69983918,Trend2
3/1/2005,67.69192764,Trend2
4/1/2005,67.68316844,Trend2
5/1/2005,67.67469179,Trend2
6/1/2005,67.66593259,Trend2
7/1/2005,67.65745594,Trend2
8/1/2005,67.64869674,Trend2
9/1/2005,67.63993753,Trend2
10/1/2005,67.63146088,Trend2
11/1/2005,67.62270168,Trend2
12/1/2005,67.61422503,Trend2
1/1/2006,67.60546583,Trend2
2/1/2006,67.59670663,Trend2
3/1/2006,67.58879509,Trend2
4/1/2006,67.58003588,Trend2
5/1/2006,67.57155923,Trend2
6/1/2006,67.56280003,Trend2
7/1/2006,67.55432338,Trend2
8/1/2006,67.54556418,Trend2
9/1/2006,67.53680498,Trend2
10/1/2006,67.52832833,Trend2
11/1/2006,67.51956912,Trend2
12/1/2006,67.51109247,Trend2
1/1/2007,67.50233327,Trend2
2/1/2007,67.49357407,Trend2
3/1/2007,67.48566253,Trend2
4/1/2007,67.47690333,Trend2
5/1/2007,67.46842668,Trend2
6/1/2007,67.45966747,Trend2
7/1/2007,67.45119082,Trend2
8/1/2007,67.44243162,Trend2
9/1/2007,67.43367242,Trend2
10/1/2007,67.42519577,Trend2
11/1/2007,67.41643657,Trend2
12/1/2007,67.40795992,Trend2
1/1/2008,67.39920071,Trend2
2/1/2008,67.39044151,Trend2
3/1/2008,67.38224742,Trend2
4/1/2008,67.37348821,Trend2
5/1/2008,67.36501156,Trend2
6/1/2008,67.35625236,Trend2
7/1/2008,67.34777571,Trend2
8/1/2008,67.33901651,Trend2
9/1/2008,67.33025731,Trend2
10/1/2008,67.32178066,Trend2
11/1/2008,67.31302145,Trend2
12/1/2008,67.3045448,Trend2
1/1/2009,67.2957856,Trend2
2/1/2009,67.2870264,Trend2
3/1/2009,67.27911486,Trend2
4/1/2009,67.27035566,Trend2
5/1/2009,67.26187901,Trend2
6/1/2009,67.2531198,Trend2
7/1/2009,67.24464315,Trend2
8/1/2009,67.23588395,Trend2
9/1/2009,67.22712475,Trend2
10/1/2009,67.2186481,Trend2
11/1/2009,67.2098889,Trend2
12/1/2009,67.20141225,Trend2
1/1/2010,67.19265304,Trend2
2/1/2010,67.18389384,Trend2
3/1/2010,67.1759823,Trend2
4/1/2010,67.1672231,Trend2
5/1/2010,67.15874645,Trend2
6/1/2010,67.14998725,Trend2
7/1/2010,67.1415106,Trend2
8/1/2010,67.13275139,Trend2
9/1/2010,67.12399219,Trend2
10/1/2010,67.11551554,Trend2
11/1/2010,67.10675634,Trend2
12/1/2010,67.09827969,Trend2
1/1/2011,67.08952049,Trend2
2/1/2011,67.08076128,Trend2
3/1/2011,67.07284974,Trend2
4/1/2011,67.06409054,Trend2
5/1/2011,67.05561389,Trend2
6/1/2011,67.04685469,Trend2
7/1/2011,67.03837804,Trend2
8/1/2011,67.02961884,Trend2
9/1/2011,67.02085963,Trend2
10/1/2011,67.01238298,Trend2
11/1/2011,67.00362378,Trend2
12/1/2011,66.99514713,Trend2
1/1/2012,66.98638793,Trend2
2/1/2012,66.97762872,Trend2
3/1/2012,66.96943463,Trend2
4/1/2012,66.96067543,Trend2
5/1/2012,66.95219878,Trend2
6/1/2012,66.94343958,Trend2
7/1/2012,66.93496293,Trend2
8/1/2012,66.92620372,Trend2
9/1/2012,66.91744452,Trend2
10/1/2012,66.90896787,Trend2
11/1/2012,66.90020867,Trend2
12/1/2012,66.89173202,Trend2
1/1/2013,66.88297282,Trend2
2/1/2013,66.87421361,Trend2
3/1/2013,66.86630207,Trend2
4/1/2013,66.85754287,Trend2
5/1/2013,66.84906622,Trend2
6/1/2013,66.84030702,Trend2
7/1/2013,66.83183037,Trend2
8/1/2013,66.82307117,Trend2
9/1/2013,66.81431196,Trend2
10/1/2013,66.80583531,Trend2
11/1/2013,66.79707611,Trend2
12/1/2013,66.78859946,Trend2
1/1/2014,66.77984026,Trend2
2/1/2014,66.77108105,Trend2
3/1/2014,66.76316952,Trend2
4/1/2014,66.75441031,Trend2
5/1/2014,66.74593366,Trend2
6/1/2014,66.73717446,Trend2
7/1/2014,66.72869781,Trend2
8/1/2014,66.71993861,Trend2
9/1/2014,66.7111794,Trend2
10/1/2014,66.70270276,Trend2
11/1/2014,66.69394355,Trend2
12/1/2014,66.6854669,Trend2
1/1/2015,66.6767077,Trend2
2/1/2015,66.6679485,Trend2
3/1/2015,66.66003696,Trend2
4/1/2015,66.65127775,Trend2
5/1/2015,66.64280111,Trend2
6/1/2015,66.6340419,Trend2
7/1/2015,66.62556525,Trend2
8/1/2015,66.61680605,Trend2
9/1/2015,66.60804685,Trend2
10/1/2015,66.5995702,Trend2
11/1/2015,66.590811,Trend2
12/1/2015,66.58233435,Trend2
1/1/2016,66.57357514,Trend2
2/1/2016,66.56481594,Trend2
3/1/2016,66.55662185,Trend2
4/1/2016,66.54786264,Trend2
5/1/2016,66.53938599,Trend2
6/1/2016,66.53062679,Trend2
7/1/2016,66.52215014,Trend2
8/1/2016,66.51339094,Trend2
9/1/2016,66.50463173,Trend2
10/1/2016,66.49615509,Trend2
11/1/2016,66.48739588,Trend2
12/1/2016,66.47891923,Trend2
1/1/2017,66.47016003,Trend2
2/1/2017,66.46140083,Trend2
3/1/2017,66.45348929,Trend2
4/1/2017,66.44473008,Trend2
5/1/2017,66.43625344,Trend2
6/1/2017,66.42749423,Trend2
7/1/2017,66.41901758,Trend2
8/1/2017,66.41025838,Trend2
9/1/2017,66.40149918,Trend2
10/1/2017,66.39302253,Trend2
11/1/2017,66.38426333,Trend2
12/1/2017,66.37578668,Trend2
1/1/2018,66.36702747,Trend2
2/1/2018,66.35826827,Trend2
3/1/2018,66.35035673,Trend2
4/1/2018,66.34159753,Trend2
5/1/2018,66.33312088,Trend2
6/1/2018,66.32436168,Trend2
7/1/2018,66.31588503,Trend2
8/1/2018,66.30712582,Trend2
9/1/2018,66.29836662,Trend2
10/1/2018,66.28988997,Trend2
11/1/2018,66.28113077,Trend2
12/1/2018,66.27265412,Trend2
1/1/2019,66.26389492,Trend2
2/1/2019,66.25513571,Trend2
3/1/2019,66.24722417,Trend2
4/1/2019,66.23846497,Trend2
5/1/2019,66.22998832,Trend2
6/1/2019,66.22122912,Trend2
7/1/2019,66.21275247,Trend2
8/1/2019,66.20399327,Trend2
9/1/2019,66.19523406,Trend2
10/1/2019,66.18675741,Trend2
11/1/2019,66.17799821,Trend2
12/1/2019,66.16952156,Trend2
1/1/2020,66.16076236,Trend2
2/1/2020,66.15200315,Trend2
3/1/2020,66.14380906,Trend2
4/1/2020,66.13504986,Trend2
5/1/2020,66.12657321,Trend2
6/1/2020,66.11781401,Trend2
7/1/2020,66.10933736,Trend2
8/1/2020,66.10057815,Trend2
9/1/2020,66.09181895,Trend2
10/1/2020,66.0833423,Trend2
11/1/2020,66.0745831,Trend2
12/1/2020,66.06610645,Trend2
1/1/2021,66.05734725,Trend2
2/1/2021,66.04858804,Trend2
3/1/2021,66.0406765,Trend2
4/1/2021,66.0319173,Trend2
5/1/2021,66.02344065,Trend2
6/1/2021,66.01468145,Trend2
7/1/2021,66.0062048,Trend2
8/1/2021,65.9974456,Trend2
9/1/2021,65.98868639,Trend2
10/1/2021,65.98020974,Trend2
11/1/2021,65.97145054,Trend2
12/1/2021,65.96297389,Trend2
1/1/2022,65.95421469,Trend2
2/1/2022,65.94545548,Trend2
3/1/2022,65.93754395,Trend2
4/1/2022,65.92878474,Trend2
5/1/2022,65.92030809,Trend2
6/1/2022,65.91154889,Trend2
7/1/2022,65.90307224,Trend2
8/1/2022,65.89431304,Trend2
9/1/2022,65.88555383,Trend2
10/1/2022,65.87707719,Trend2
11/1/2022,65.86831798,Trend2
12/1/2022,65.85984133,Trend2
1/1/2023,65.85108213,Trend2
2/1/2023,65.84232293,Trend2
3/1/2023,65.83441139,Trend2
4/1/2023,65.82565218,Trend2
5/1/2023,65.81717554,Trend2
6/1/2023,65.80841633,Trend2
7/1/2023,65.79993968,Trend2
8/1/2023,65.79118048,Trend2
9/1/2023,65.78242128,Trend2
10/1/2023,65.77394463,Trend2
11/1/2023,65.76518542,Trend2
12/1/2023,65.75670878,Trend2
1/1/2024,65.74794957,Trend2
2/1/2024,65.73919037,Trend2
3/1/2024,65.73099628,Trend2
4/1/2024,65.72223707,Trend2
5/1/2024,65.71376042,Trend2
6/1/2024,65.70500122,Trend2
7/1/2024,65.69652457,Trend2
8/1/2024,65.68776537,Trend2
9/1/2024,65.67900616,Trend2
10/1/2024,65.67052952,Trend2
11/1/2024,65.66177031,Trend2
12/1/2024,65.65329366,Trend2
1/1/2025,65.64453446,Trend2
