Date,cldfrac,source
1980-01-01,0.415513426,Fraction
1980-01-02,0.336348921,Fraction
1980-03-01,0.474292815,Fraction
1980-04-01,0.479558378,Fraction
1980-05-01,0.555433154,Fraction
1980-06-01,0.448921353,Fraction
1980-07-01,0.63178277,Fraction
1980-08-01,0.628878474,Fraction
1980-09-01,0.574092925,Fraction
1980-10-01,0.588443696,Fraction
1980-11-01,0.684276283,Fraction
1980-12-01,0.403365731,Fraction
1981-01-01,0.334460765,Fraction
1981-02-01,0.387005597,Fraction
1981-03-01,0.441289485,Fraction
1981-04-01,0.425562263,Fraction
1981-05-01,0.408444643,Fraction
1981-06-01,0.615646183,Fraction
1981-07-01,0.632248163,Fraction
1981-08-01,0.710491657,Fraction
1981-09-01,0.705054462,Fraction
1981-10-01,0.490728557,Fraction
1981-11-01,0.230714351,Fraction
1981-12-01,0.434004307,Fraction
1982-01-01,0.411150247,Fraction
1982-02-01,0.337195694,Fraction
1982-03-01,0.437642395,Fraction
1982-04-01,0.518149137,Fraction
1982-05-01,0.504984617,Fraction
1982-06-01,0.660627306,Fraction
1982-07-01,0.599835098,Fraction
1982-08-01,0.587746501,Fraction
1982-09-01,0.644952238,Fraction
1982-10-01,0.593864858,Fraction
1982-11-01,0.576993465,Fraction
1982-12-01,0.461976945,Fraction
1983-01-01,0.575666785,Fraction
1983-02-01,0.583832145,Fraction
1983-03-01,0.276530594,Fraction
1983-04-01,0.260561764,Fraction
1983-05-01,0.395821005,Fraction
1983-06-01,0.574125767,Fraction
1983-07-01,0.618416548,Fraction
1983-08-01,0.655411422,Fraction
1983-09-01,0.633141398,Fraction
1983-10-01,0.691225529,Fraction
1983-11-01,0.489794463,Fraction
1983-12-01,0.678881764,Fraction
1984-01-01,0.55966717,Fraction
1984-02-01,0.524747372,Fraction
1984-03-01,0.485058129,Fraction
1984-04-01,0.375276774,Fraction
1984-05-01,0.711063385,Fraction
1984-06-01,0.582684636,Fraction
1984-07-01,0.699174583,Fraction
1984-08-01,0.614662588,Fraction
1984-09-01,0.59933573,Fraction
1984-10-01,0.36206013,Fraction
1984-11-01,0.414756984,Fraction
1984-12-01,0.342494011,Fraction
1985-01-01,0.228288814,Fraction
1985-02-01,0.337284148,Fraction
1985-03-01,0.344317734,Fraction
1985-04-01,0.502005577,Fraction
1985-05-01,0.411124557,Fraction
1985-06-01,0.641667664,Fraction
1985-07-01,0.714836895,Fraction
1985-08-01,0.687665761,Fraction
1985-09-01,0.71516794,Fraction
1985-10-01,0.544696271,Fraction
1985-11-01,0.361885548,Fraction
1985-12-01,0.483313382,Fraction
1986-01-01,0.380388439,Fraction
1986-02-01,0.369931191,Fraction
1986-03-01,0.258151263,Fraction
1986-04-01,0.24341464,Fraction
1986-05-01,0.554330647,Fraction
1986-06-01,0.680330753,Fraction
1986-07-01,0.63562876,Fraction
1986-08-01,0.646997213,Fraction
1986-09-01,0.59707427,Fraction
1986-10-01,0.471598178,Fraction
1986-11-01,0.559036255,Fraction
1986-12-01,0.587065399,Fraction
1987-01-01,0.376875401,Fraction
1987-02-01,0.591141462,Fraction
1987-03-01,0.579421997,Fraction
1987-04-01,0.305612147,Fraction
1987-05-01,0.366909057,Fraction
1987-06-01,0.663792551,Fraction
1987-07-01,0.55301398,Fraction
1987-08-01,0.533689201,Fraction
1987-09-01,0.682060361,Fraction
1987-10-01,0.494673163,Fraction
1987-11-01,0.537963629,Fraction
1987-12-01,0.513709843,Fraction
1988-01-01,0.668684185,Fraction
1988-02-01,0.417724341,Fraction
1988-03-01,0.472115099,Fraction
1988-04-01,0.43479681,Fraction
1988-05-01,0.424352884,Fraction
1988-06-01,0.672040641,Fraction
1988-07-01,0.730040193,Fraction
1988-08-01,0.680868208,Fraction
1988-09-01,0.565315783,Fraction
1988-10-01,0.290977329,Fraction
1988-11-01,0.426761925,Fraction
1988-12-01,0.373789221,Fraction
1989-01-01,0.226356983,Fraction
1989-02-01,0.21450232,Fraction
1989-03-01,0.360211134,Fraction
1989-04-01,0.445704073,Fraction
1989-05-01,0.461553782,Fraction
1989-06-01,0.630244255,Fraction
1989-07-01,0.645692945,Fraction
1989-08-01,0.636727273,Fraction
1989-09-01,0.627269745,Fraction
1989-10-01,0.521211863,Fraction
1989-11-01,0.56004256,Fraction
1989-12-01,0.443164557,Fraction
1990-01-01,0.316107422,Fraction
1990-02-01,0.36577493,Fraction
1990-03-01,0.486324698,Fraction
1990-04-01,0.4188039,Fraction
1990-05-01,0.594084918,Fraction
1990-06-01,0.725554228,Fraction
1990-07-01,0.685259044,Fraction
1990-08-01,0.699611962,Fraction
1990-09-01,0.690175116,Fraction
1990-10-01,0.511769533,Fraction
1990-11-01,0.385483652,Fraction
1990-12-01,0.351332605,Fraction
1991-01-01,0.476791203,Fraction
1991-02-01,0.373796999,Fraction
1991-03-01,0.376909703,Fraction
1991-04-01,0.515414655,Fraction
1991-05-01,0.607366443,Fraction
1991-06-01,0.684584379,Fraction
1991-07-01,0.681339562,Fraction
1991-08-01,0.558563113,Fraction
1991-09-01,0.664848626,Fraction
1991-10-01,0.723444939,Fraction
1991-11-01,0.615082383,Fraction
1991-12-01,0.558451295,Fraction
1992-01-01,0.569349825,Fraction
1992-02-01,0.550692737,Fraction
1992-03-01,0.424574465,Fraction
1992-04-01,0.594867587,Fraction
1992-05-01,0.370212525,Fraction
1992-06-01,0.766125262,Fraction
1992-07-01,0.571988583,Fraction
1992-08-01,0.656562209,Fraction
1992-09-01,0.688389242,Fraction
1992-10-01,0.544460952,Fraction
1992-11-01,0.614398539,Fraction
1992-12-01,0.413775295,Fraction
1993-01-01,0.617121696,Fraction
1993-02-01,0.471258581,Fraction
1993-03-01,0.520782709,Fraction
1993-04-01,0.450421005,Fraction
1993-05-01,0.506190956,Fraction
1993-06-01,0.527064621,Fraction
1993-07-01,0.610898435,Fraction
1993-08-01,0.642745495,Fraction
1993-09-01,0.625391006,Fraction
1993-10-01,0.6459589,Fraction
1993-11-01,0.482004255,Fraction
1993-12-01,0.454823285,Fraction
1994-01-01,0.511242211,Fraction
1994-02-01,0.419618845,Fraction
1994-03-01,0.407394767,Fraction
1994-04-01,0.562479556,Fraction
1994-05-01,0.566986561,Fraction
1994-06-01,0.787103236,Fraction
1994-07-01,0.657322168,Fraction
1994-08-01,0.655582666,Fraction
1994-09-01,0.736590445,Fraction
1994-10-01,0.506055415,Fraction
1994-11-01,0.443144262,Fraction
1994-12-01,0.471711487,Fraction
1995-01-01,0.501166761,Fraction
1995-02-01,0.402942389,Fraction
1995-03-01,0.390401125,Fraction
1995-04-01,0.566656709,Fraction
1995-05-01,0.486494213,Fraction
1995-06-01,0.587346673,Fraction
1995-07-01,0.725016832,Fraction
1995-08-01,0.639455974,Fraction
1995-09-01,0.618022025,Fraction
1995-10-01,0.73545146,Fraction
1995-11-01,0.554585099,Fraction
1995-12-01,0.499743789,Fraction
1996-01-01,0.386490852,Fraction
1996-02-01,0.274518788,Fraction
1996-03-01,0.406373322,Fraction
1996-04-01,0.413119525,Fraction
1996-05-01,0.486147016,Fraction
1996-06-01,0.637815177,Fraction
1996-07-01,0.712691069,Fraction
1996-08-01,0.677318573,Fraction
1996-09-01,0.510083437,Fraction
1996-10-01,0.581781924,Fraction
1996-11-01,0.414009243,Fraction
1996-12-01,0.492867857,Fraction
1997-01-01,0.343114913,Fraction
1997-02-01,0.442326725,Fraction
1997-03-01,0.430260599,Fraction
1997-04-01,0.564092696,Fraction
1997-05-01,0.628576279,Fraction
1997-06-01,0.564564466,Fraction
1997-07-01,0.652112901,Fraction
1997-08-01,0.621250749,Fraction
1997-09-01,0.683471262,Fraction
1997-10-01,0.448804617,Fraction
1997-11-01,0.623338759,Fraction
1997-12-01,0.532118559,Fraction
1998-01-01,0.492046028,Fraction
1998-02-01,0.301942974,Fraction
1998-03-01,0.304041564,Fraction
1998-04-01,0.214572355,Fraction
1998-05-01,0.405477196,Fraction
1998-06-01,0.528811634,Fraction
1998-07-01,0.625567555,Fraction
1998-08-01,0.573142946,Fraction
1998-09-01,0.770936787,Fraction
1998-10-01,0.444314927,Fraction
1998-11-01,0.379481286,Fraction
1998-12-01,0.281952977,Fraction
1999-01-01,0.33079657,Fraction
1999-02-01,0.267486304,Fraction
1999-03-01,0.308850497,Fraction
1999-04-01,0.363156557,Fraction
1999-05-01,0.475331366,Fraction
1999-06-01,0.788253248,Fraction
1999-07-01,0.537484586,Fraction
1999-08-01,0.668634713,Fraction
1999-09-01,0.712112248,Fraction
1999-10-01,0.490577102,Fraction
1999-11-01,0.318846375,Fraction
1999-12-01,0.354310751,Fraction
2000-01-01,0.208044171,Fraction
2000-02-01,0.256193876,Fraction
2000-03-01,0.333697706,Fraction
2000-04-01,0.304713756,Fraction
2000-05-01,0.470252067,Fraction
2000-06-01,0.614849269,Fraction
2000-07-01,0.629853606,Fraction
2000-08-01,0.61571312,Fraction
2000-09-01,0.647248924,Fraction
2000-10-01,0.373621702,Fraction
2000-11-01,0.428417683,Fraction
2000-12-01,0.384401768,Fraction
2001-01-01,0.325282633,Fraction
2001-02-01,0.343897939,Fraction
2001-03-01,0.315370589,Fraction
2001-04-01,0.29737246,Fraction
2001-05-01,0.51014936,Fraction
2001-06-01,0.707454264,Fraction
2001-07-01,0.691704869,Fraction
2001-08-01,0.67850697,Fraction
2001-09-01,0.694357574,Fraction
2001-10-01,0.666932881,Fraction
2001-11-01,0.382585287,Fraction
2001-12-01,0.35080564,Fraction
2002-01-01,0.287078798,Fraction
2002-02-01,0.443867356,Fraction
2002-03-01,0.31583944,Fraction
2002-04-01,0.368864536,Fraction
2002-05-01,0.375114411,Fraction
2002-06-01,0.791173518,Fraction
2002-07-01,0.695006192,Fraction
2002-08-01,0.623304009,Fraction
2002-09-01,0.760036409,Fraction
2002-10-01,0.453307569,Fraction
2002-11-01,0.467601925,Fraction
2002-12-01,0.457336426,Fraction
2003-01-01,0.439000815,Fraction
2003-02-01,0.294306725,Fraction
2003-03-01,0.481512785,Fraction
2003-04-01,0.412823111,Fraction
2003-05-01,0.502913475,Fraction
2003-06-01,0.761826336,Fraction
2003-07-01,0.641354501,Fraction
2003-08-01,0.69624579,Fraction
2003-09-01,0.663637459,Fraction
2003-10-01,0.454063594,Fraction
2003-11-01,0.367822737,Fraction
2003-12-01,0.428502768,Fraction
2004-01-01,0.336644411,Fraction
2004-02-01,0.410648227,Fraction
2004-03-01,0.373262346,Fraction
2004-04-01,0.40947032,Fraction
2004-05-01,0.40484637,Fraction
2004-06-01,0.637762368,Fraction
2004-07-01,0.670369089,Fraction
2004-08-01,0.720146954,Fraction
2004-09-01,0.686814427,Fraction
2004-10-01,0.507964075,Fraction
2004-11-01,0.323536158,Fraction
2004-12-01,0.513462126,Fraction
2005-01-01,0.249336511,Fraction
2005-02-01,0.385088056,Fraction
2005-03-01,0.503215551,Fraction
2005-04-01,0.251006454,Fraction
2005-05-01,0.418382376,Fraction
2005-06-01,0.659031034,Fraction
2005-07-01,0.674916089,Fraction
2005-08-01,0.642766654,Fraction
2005-09-01,0.612194836,Fraction
2005-10-01,0.530044258,Fraction
2005-11-01,0.369532615,Fraction
2005-12-01,0.462549984,Fraction
2006-01-01,0.402096272,Fraction
2006-02-01,0.322692245,Fraction
2006-03-01,0.241938606,Fraction
2006-04-01,0.299161941,Fraction
2006-05-01,0.463326067,Fraction
2006-06-01,0.524821103,Fraction
2006-07-01,0.662752807,Fraction
2006-08-01,0.604911208,Fraction
2006-09-01,0.572334826,Fraction
2006-10-01,0.457720935,Fraction
2006-11-01,0.4353486,Fraction
2006-12-01,0.505607247,Fraction
2007-01-01,0.405114919,Fraction
2007-02-01,0.388109773,Fraction
2007-03-01,0.355589807,Fraction
2007-04-01,0.350692093,Fraction
2007-05-01,0.304286569,Fraction
2007-06-01,0.594080031,Fraction
2007-07-01,0.667581201,Fraction
2007-08-01,0.553404331,Fraction
2007-09-01,0.637437284,Fraction
2007-10-01,0.588561893,Fraction
2007-11-01,0.295793802,Fraction
2007-12-01,0.256837189,Fraction
2008-01-01,0.390452355,Fraction
2008-02-01,0.354404122,Fraction
2008-03-01,0.378748298,Fraction
2008-04-01,0.284277171,Fraction
2008-05-01,0.384275943,Fraction
2008-06-01,0.567748427,Fraction
2008-07-01,0.70168674,Fraction
2008-08-01,0.74701798,Fraction
2008-09-01,0.578984737,Fraction
2008-10-01,0.601440191,Fraction
2008-11-01,0.218902692,Fraction
2008-12-01,0.230241477,Fraction
2009-01-01,0.317756474,Fraction
2009-02-01,0.200403109,Fraction
2009-03-01,0.286145598,Fraction
2009-04-01,0.351126343,Fraction
2009-05-01,0.481777728,Fraction
2009-06-01,0.720957696,Fraction
2009-07-01,0.611777365,Fraction
2009-08-01,0.509601772,Fraction
2009-09-01,0.680128753,Fraction
2009-10-01,0.482360721,Fraction
2009-11-01,0.546978891,Fraction
2009-12-01,0.47303161,Fraction
2010-01-01,0.427489281,Fraction
2010-02-01,0.448509693,Fraction
2010-03-01,0.340566456,Fraction
2010-04-01,0.408927888,Fraction
2010-05-01,0.294326216,Fraction
2010-06-01,0.604713857,Fraction
2010-07-01,0.666656971,Fraction
2010-08-01,0.695290208,Fraction
2010-09-01,0.526349664,Fraction
2010-10-01,0.332570732,Fraction
2010-11-01,0.228386566,Fraction
2010-12-01,0.14920266,Fraction
2011-01-01,0.371429503,Fraction
2011-02-01,0.247412458,Fraction
2011-03-01,0.255600899,Fraction
2011-04-01,0.259704739,Fraction
2011-05-01,0.254720211,Fraction
2011-06-01,0.561477542,Fraction
2011-07-01,0.707630694,Fraction
2011-08-01,0.683547437,Fraction
2011-09-01,0.567714393,Fraction
2011-10-01,0.582377255,Fraction
2011-11-01,0.186841175,Fraction
2011-12-01,0.227796182,Fraction
2012-01-01,0.40039286,Fraction
2012-02-01,0.547233701,Fraction
2012-03-01,0.262279451,Fraction
2012-04-01,0.362672269,Fraction
2012-05-01,0.485304326,Fraction
2012-06-01,0.755946577,Fraction
2012-07-01,0.551522851,Fraction
2012-08-01,0.659871638,Fraction
2012-09-01,0.649320126,Fraction
2012-10-01,0.408074796,Fraction
2012-11-01,0.289605498,Fraction
2012-12-01,0.390786946,Fraction
2013-01-01,0.354453385,Fraction
2013-02-01,0.292542458,Fraction
2013-03-01,0.301277876,Fraction
2013-04-01,0.439564407,Fraction
2013-05-01,0.491242111,Fraction
2013-06-01,0.71463412,Fraction
2013-07-01,0.708678424,Fraction
2013-08-01,0.640151918,Fraction
2013-09-01,0.619050026,Fraction
2013-10-01,0.464368343,Fraction
2013-11-01,0.570020378,Fraction
2013-12-01,0.397458047,Fraction
2014-01-01,0.428043067,Fraction
2014-02-01,0.266721576,Fraction
2014-03-01,0.387259841,Fraction
2014-04-01,0.477776766,Fraction
2014-05-01,0.51670599,Fraction
2014-06-01,0.669182956,Fraction
2014-07-01,0.676189959,Fraction
2014-08-01,0.637249172,Fraction
2014-09-01,0.701205611,Fraction
2014-10-01,0.521095037,Fraction
2014-11-01,0.459449857,Fraction
2014-12-01,0.391247869,Fraction
2015-01-01,0.585274577,Fraction
2015-02-01,0.330744058,Fraction
2015-03-01,0.382869869,Fraction
2015-04-01,0.544423521,Fraction
2015-05-01,0.503045857,Fraction
2015-06-01,0.641561687,Fraction
2015-07-01,0.636966527,Fraction
2015-08-01,0.630991876,Fraction
2015-09-01,0.791918516,Fraction
2015-10-01,0.510901749,Fraction
2015-11-01,0.423737049,Fraction
2015-12-01,0.550874591,Fraction
2016-01-01,0.640260518,Fraction
2016-02-01,0.407103211,Fraction
2016-03-01,0.619500816,Fraction
2016-04-01,0.322425544,Fraction
2016-05-01,0.446893245,Fraction
2016-06-01,0.693888366,Fraction
2016-07-01,0.588160992,Fraction
2016-08-01,0.669553697,Fraction
2016-09-01,0.687250555,Fraction
2016-10-01,0.508421004,Fraction
2016-11-01,0.377126604,Fraction
2016-12-01,0.407489538,Fraction
2017-01-01,0.35149619,Fraction
2017-02-01,0.229183882,Fraction
2017-03-01,0.245799184,Fraction
2017-04-01,0.389440209,Fraction
2017-05-01,0.39173308,Fraction
2017-06-01,0.727887094,Fraction
2017-07-01,0.622903109,Fraction
2017-08-01,0.615816832,Fraction
2017-09-01,0.545063794,Fraction
2017-10-01,0.575442851,Fraction
2017-11-01,0.247647285,Fraction
2017-12-01,0.298661411,Fraction
2018-01-01,0.544720948,Fraction
2018-02-01,0.263967723,Fraction
2018-03-01,0.200297192,Fraction
2018-04-01,0.325431436,Fraction
2018-05-01,0.73495698,Fraction
2018-06-01,0.753759265,Fraction
2018-07-01,0.661667466,Fraction
2018-08-01,0.584337652,Fraction
2018-09-01,0.608932972,Fraction
2018-10-01,0.487142742,Fraction
2018-11-01,0.472496152,Fraction
2018-12-01,0.459532648,Fraction
2019-01-01,0.369626135,Fraction
2019-02-01,0.26173529,Fraction
2019-03-01,0.299541712,Fraction
2019-04-01,0.321298122,Fraction
2019-05-01,0.348786891,Fraction
2019-06-01,0.619389474,Fraction
2019-07-01,0.643944681,Fraction
2019-08-01,0.710080981,Fraction
2019-09-01,0.485964507,Fraction
2019-10-01,0.58818984,Fraction
2019-11-01,0.451528966,Fraction
2019-12-01,0.3994506,Fraction
2020-01-01,0.404588729,Fraction
2020-02-01,0.380681753,Fraction
2020-03-01,0.277543366,Fraction
2020-04-01,0.547297657,Fraction
2020-05-01,0.648277044,Fraction
2020-06-01,0.718755484,Fraction
2020-07-01,0.6757406,Fraction
2020-08-01,0.648475885,Fraction
2020-09-01,0.750974953,Fraction
2020-10-01,0.670384228,Fraction
2020-11-01,0.396959841,Fraction
2020-12-01,0.311425239,Fraction
2021-01-01,0.535149932,Fraction
2021-02-01,0.21492146,Fraction
2021-03-01,0.264470726,Fraction
2021-04-01,0.391099066,Fraction
2021-05-01,0.518831491,Fraction
2021-06-01,0.746487081,Fraction
2021-07-01,0.621254742,Fraction
2021-08-01,0.673622072,Fraction
2021-09-01,0.605032742,Fraction
2021-10-01,0.520715833,Fraction
2021-11-01,0.463528782,Fraction
2021-12-01,0.216071382,Fraction
2022-01-01,0.354190081,Fraction
2022-02-01,0.229020581,Fraction
2022-03-01,0.256780744,Fraction
2022-04-01,0.36010921,Fraction
2022-05-01,0.460045755,Fraction
2022-06-01,0.648504853,Fraction
2022-07-01,0.535913885,Fraction
2022-08-01,0.584119081,Fraction
2022-09-01,0.640365422,Fraction
2022-10-01,0.3419725,Fraction
2022-11-01,0.457323998,Fraction
2022-12-01,0.404675364,Fraction
2023-01-01,0.300316602,Fraction
2023-02-01,0.189766765,Fraction
2023-03-01,0.275187582,Fraction
2023-04-01,0.440672785,Fraction
2023-05-01,0.438712567,Fraction
2023-06-01,0.551431596,Fraction
2023-07-01,0.653308749,Fraction
2023-08-01,0.595582247,Fraction
2023-09-01,0.542791069,Fraction
2023-10-01,0.456979007,Fraction
2023-11-01,0.450361758,Fraction
2023-12-01,0.703790724,Fraction
2024-01-01,0.634970248,Fraction
2024-02-01,0.330449164,Fraction
2024-03-01,0.502457619,Fraction
2024-04-01,0.336067885,Fraction
2024-05-01,0.361744821,Fraction
2024-06-01,0.606887996,Fraction
2024-07-01,0.653059065,Fraction
2024-08-01,0.666288018,Fraction
2024-09-01,0.697185934,Fraction
2024-10-01,0.611687124,Fraction
2024-11-01,0.382661015,Fraction
2024-12-01,0.396094322,Fraction
2025-01-01,0.475249529,Fraction
2025-02-01,0.338305265,Fraction
2025-03-01,0.266651481,Fraction
2025-04-01,0.227065042,Fraction
2025-05-01,0.520907223,Fraction
2025-06-01,0.653712451,Fraction
2025-07-01,0.648362815,Fraction
2025-08-01,0.616319418,Fraction
1980-01-01,0.521805082,Trend
1980-01-02,0.521802081,Trend
1980-03-01,0.52162504,Trend
1980-04-01,0.521532019,Trend
1980-05-01,0.521441998,Trend
1980-06-01,0.521348977,Trend
1980-07-01,0.521258956,Trend
1980-08-01,0.521165934,Trend
1980-09-01,0.521072913,Trend
1980-10-01,0.520982892,Trend
1980-11-01,0.52088987,Trend
1980-12-01,0.52079985,Trend
1981-01-01,0.520706828,Trend
1981-02-01,0.520613807,Trend
1981-03-01,0.520529787,Trend
1981-04-01,0.520436766,Trend
1981-05-01,0.520346745,Trend
1981-06-01,0.520253723,Trend
1981-07-01,0.520163702,Trend
1981-08-01,0.520070681,Trend
1981-09-01,0.519977659,Trend
1981-10-01,0.519887639,Trend
1981-11-01,0.519794617,Trend
1981-12-01,0.519704596,Trend
1982-01-01,0.519611575,Trend
1982-02-01,0.519518553,Trend
1982-03-01,0.519434534,Trend
1982-04-01,0.519341512,Trend
1982-05-01,0.519251491,Trend
1982-06-01,0.51915847,Trend
1982-07-01,0.519068449,Trend
1982-08-01,0.518975428,Trend
1982-09-01,0.518882406,Trend
1982-10-01,0.518792385,Trend
1982-11-01,0.518699364,Trend
1982-12-01,0.518609343,Trend
1983-01-01,0.518516321,Trend
1983-02-01,0.5184233,Trend
1983-03-01,0.51833928,Trend
1983-04-01,0.518246259,Trend
1983-05-01,0.518156238,Trend
1983-06-01,0.518063216,Trend
1983-07-01,0.517973196,Trend
1983-08-01,0.517880174,Trend
1983-09-01,0.517787153,Trend
1983-10-01,0.517697132,Trend
1983-11-01,0.51760411,Trend
1983-12-01,0.517514089,Trend
1984-01-01,0.517421068,Trend
1984-02-01,0.517328046,Trend
1984-03-01,0.517241026,Trend
1984-04-01,0.517148005,Trend
1984-05-01,0.517057984,Trend
1984-06-01,0.516964962,Trend
1984-07-01,0.516874942,Trend
1984-08-01,0.51678192,Trend
1984-09-01,0.516688899,Trend
1984-10-01,0.516598878,Trend
1984-11-01,0.516505856,Trend
1984-12-01,0.516415835,Trend
1985-01-01,0.516322814,Trend
1985-02-01,0.516229792,Trend
1985-03-01,0.516145773,Trend
1985-04-01,0.516052751,Trend
1985-05-01,0.515962731,Trend
1985-06-01,0.515869709,Trend
1985-07-01,0.515779688,Trend
1985-08-01,0.515686667,Trend
1985-09-01,0.515593645,Trend
1985-10-01,0.515503624,Trend
1985-11-01,0.515410603,Trend
1985-12-01,0.515320582,Trend
1986-01-01,0.51522756,Trend
1986-02-01,0.515134539,Trend
1986-03-01,0.51505052,Trend
1986-04-01,0.514957498,Trend
1986-05-01,0.514867477,Trend
1986-06-01,0.514774456,Trend
1986-07-01,0.514684435,Trend
1986-08-01,0.514591413,Trend
1986-09-01,0.514498392,Trend
1986-10-01,0.514408371,Trend
1986-11-01,0.514315349,Trend
1986-12-01,0.514225329,Trend
1987-01-01,0.514132307,Trend
1987-02-01,0.514039286,Trend
1987-03-01,0.513955266,Trend
1987-04-01,0.513862245,Trend
1987-05-01,0.513772224,Trend
1987-06-01,0.513679202,Trend
1987-07-01,0.513589181,Trend
1987-08-01,0.51349616,Trend
1987-09-01,0.513403138,Trend
1987-10-01,0.513313118,Trend
1987-11-01,0.513220096,Trend
1987-12-01,0.513130075,Trend
1988-01-01,0.513037054,Trend
1988-02-01,0.512944032,Trend
1988-03-01,0.512857012,Trend
1988-04-01,0.512763991,Trend
1988-05-01,0.51267397,Trend
1988-06-01,0.512580948,Trend
1988-07-01,0.512490927,Trend
1988-08-01,0.512397906,Trend
1988-09-01,0.512304884,Trend
1988-10-01,0.512214864,Trend
1988-11-01,0.512121842,Trend
1988-12-01,0.512031821,Trend
1989-01-01,0.5119388,Trend
1989-02-01,0.511845778,Trend
1989-03-01,0.511761759,Trend
1989-04-01,0.511668737,Trend
1989-05-01,0.511578716,Trend
1989-06-01,0.511485695,Trend
1989-07-01,0.511395674,Trend
1989-08-01,0.511302653,Trend
1989-09-01,0.511209631,Trend
1989-10-01,0.51111961,Trend
1989-11-01,0.511026589,Trend
1989-12-01,0.510936568,Trend
1990-01-01,0.510843546,Trend
1990-02-01,0.510750525,Trend
1990-03-01,0.510666505,Trend
1990-04-01,0.510573484,Trend
1990-05-01,0.510483463,Trend
1990-06-01,0.510390441,Trend
1990-07-01,0.510300421,Trend
1990-08-01,0.510207399,Trend
1990-09-01,0.510114378,Trend
1990-10-01,0.510024357,Trend
1990-11-01,0.509931335,Trend
1990-12-01,0.509841314,Trend
1991-01-01,0.509748293,Trend
1991-02-01,0.509655271,Trend
1991-03-01,0.509571252,Trend
1991-04-01,0.50947823,Trend
1991-05-01,0.50938821,Trend
1991-06-01,0.509295188,Trend
1991-07-01,0.509205167,Trend
1991-08-01,0.509112146,Trend
1991-09-01,0.509019124,Trend
1991-10-01,0.508929103,Trend
1991-11-01,0.508836082,Trend
1991-12-01,0.508746061,Trend
1992-01-01,0.50865304,Trend
1992-02-01,0.508560018,Trend
1992-03-01,0.508472998,Trend
1992-04-01,0.508379976,Trend
1992-05-01,0.508289956,Trend
1992-06-01,0.508196934,Trend
1992-07-01,0.508106913,Trend
1992-08-01,0.508013892,Trend
1992-09-01,0.50792087,Trend
1992-10-01,0.507830849,Trend
1992-11-01,0.507737828,Trend
1992-12-01,0.507647807,Trend
1993-01-01,0.507554785,Trend
1993-02-01,0.507461764,Trend
1993-03-01,0.507377745,Trend
1993-04-01,0.507284723,Trend
1993-05-01,0.507194702,Trend
1993-06-01,0.507101681,Trend
1993-07-01,0.50701166,Trend
1993-08-01,0.506918638,Trend
1993-09-01,0.506825617,Trend
1993-10-01,0.506735596,Trend
1993-11-01,0.506642574,Trend
1993-12-01,0.506552554,Trend
1994-01-01,0.506459532,Trend
1994-02-01,0.506366511,Trend
1994-03-01,0.506282491,Trend
1994-04-01,0.50618947,Trend
1994-05-01,0.506099449,Trend
1994-06-01,0.506006427,Trend
1994-07-01,0.505916406,Trend
1994-08-01,0.505823385,Trend
1994-09-01,0.505730363,Trend
1994-10-01,0.505640343,Trend
1994-11-01,0.505547321,Trend
1994-12-01,0.5054573,Trend
1995-01-01,0.505364279,Trend
1995-02-01,0.505271257,Trend
1995-03-01,0.505187238,Trend
1995-04-01,0.505094216,Trend
1995-05-01,0.505004195,Trend
1995-06-01,0.504911174,Trend
1995-07-01,0.504821153,Trend
1995-08-01,0.504728132,Trend
1995-09-01,0.50463511,Trend
1995-10-01,0.504545089,Trend
1995-11-01,0.504452068,Trend
1995-12-01,0.504362047,Trend
1996-01-01,0.504269025,Trend
1996-02-01,0.504176004,Trend
1996-03-01,0.504088984,Trend
1996-04-01,0.503995962,Trend
1996-05-01,0.503905941,Trend
1996-06-01,0.50381292,Trend
1996-07-01,0.503722899,Trend
1996-08-01,0.503629878,Trend
1996-09-01,0.503536856,Trend
1996-10-01,0.503446835,Trend
1996-11-01,0.503353814,Trend
1996-12-01,0.503263793,Trend
1997-01-01,0.503170771,Trend
1997-02-01,0.50307775,Trend
1997-03-01,0.50299373,Trend
1997-04-01,0.502900709,Trend
1997-05-01,0.502810688,Trend
1997-06-01,0.502717666,Trend
1997-07-01,0.502627646,Trend
1997-08-01,0.502534624,Trend
1997-09-01,0.502441603,Trend
1997-10-01,0.502351582,Trend
1997-11-01,0.50225856,Trend
1997-12-01,0.502168539,Trend
1998-01-01,0.502075518,Trend
1998-02-01,0.501982496,Trend
1998-03-01,0.501898477,Trend
1998-04-01,0.501805455,Trend
1998-05-01,0.501715435,Trend
1998-06-01,0.501622413,Trend
1998-07-01,0.501532392,Trend
1998-08-01,0.501439371,Trend
1998-09-01,0.501346349,Trend
1998-10-01,0.501256328,Trend
1998-11-01,0.501163307,Trend
1998-12-01,0.501073286,Trend
1999-01-01,0.500980265,Trend
1999-02-01,0.500887243,Trend
1999-03-01,0.500803224,Trend
1999-04-01,0.500710202,Trend
1999-05-01,0.500620181,Trend
1999-06-01,0.50052716,Trend
1999-07-01,0.500437139,Trend
1999-08-01,0.500344117,Trend
1999-09-01,0.500251096,Trend
1999-10-01,0.500161075,Trend
1999-11-01,0.500068054,Trend
1999-12-01,0.499978033,Trend
2000-01-01,0.499885011,Trend
2000-02-01,0.49979199,Trend
2000-03-01,0.49970497,Trend
2000-04-01,0.499611948,Trend
2000-05-01,0.499521927,Trend
2000-06-01,0.499428906,Trend
2000-07-01,0.499338885,Trend
2000-08-01,0.499245863,Trend
2000-09-01,0.499152842,Trend
2000-10-01,0.499062821,Trend
2000-11-01,0.498969799,Trend
2000-12-01,0.498879779,Trend
2001-01-01,0.498786757,Trend
2001-02-01,0.498693736,Trend
2001-03-01,0.498609716,Trend
2001-04-01,0.498516695,Trend
2001-05-01,0.498426674,Trend
2001-06-01,0.498333652,Trend
2001-07-01,0.498243631,Trend
2001-08-01,0.49815061,Trend
2001-09-01,0.498057588,Trend
2001-10-01,0.497967568,Trend
2001-11-01,0.497874546,Trend
2001-12-01,0.497784525,Trend
2002-01-01,0.497691504,Trend
2002-02-01,0.497598482,Trend
2002-03-01,0.497514463,Trend
2002-04-01,0.497421441,Trend
2002-05-01,0.49733142,Trend
2002-06-01,0.497238399,Trend
2002-07-01,0.497148378,Trend
2002-08-01,0.497055357,Trend
2002-09-01,0.496962335,Trend
2002-10-01,0.496872314,Trend
2002-11-01,0.496779293,Trend
2002-12-01,0.496689272,Trend
2003-01-01,0.49659625,Trend
2003-02-01,0.496503229,Trend
2003-03-01,0.496419209,Trend
2003-04-01,0.496326188,Trend
2003-05-01,0.496236167,Trend
2003-06-01,0.496143146,Trend
2003-07-01,0.496053125,Trend
2003-08-01,0.495960103,Trend
2003-09-01,0.495867082,Trend
2003-10-01,0.495777061,Trend
2003-11-01,0.495684039,Trend
2003-12-01,0.495594019,Trend
2004-01-01,0.495500997,Trend
2004-02-01,0.495407975,Trend
2004-03-01,0.495320955,Trend
2004-04-01,0.495227934,Trend
2004-05-01,0.495137913,Trend
2004-06-01,0.495044891,Trend
2004-07-01,0.494954871,Trend
2004-08-01,0.494861849,Trend
2004-09-01,0.494768828,Trend
2004-10-01,0.494678807,Trend
2004-11-01,0.494585785,Trend
2004-12-01,0.494495764,Trend
2005-01-01,0.494402743,Trend
2005-02-01,0.494309721,Trend
2005-03-01,0.494225702,Trend
2005-04-01,0.49413268,Trend
2005-05-01,0.49404266,Trend
2005-06-01,0.493949638,Trend
2005-07-01,0.493859617,Trend
2005-08-01,0.493766596,Trend
2005-09-01,0.493673574,Trend
2005-10-01,0.493583553,Trend
2005-11-01,0.493490532,Trend
2005-12-01,0.493400511,Trend
2006-01-01,0.49330749,Trend
2006-02-01,0.493214468,Trend
2006-03-01,0.493130449,Trend
2006-04-01,0.493037427,Trend
2006-05-01,0.492947406,Trend
2006-06-01,0.492854385,Trend
2006-07-01,0.492764364,Trend
2006-08-01,0.492671342,Trend
2006-09-01,0.492578321,Trend
2006-10-01,0.4924883,Trend
2006-11-01,0.492395279,Trend
2006-12-01,0.492305258,Trend
2007-01-01,0.492212236,Trend
2007-02-01,0.492119215,Trend
2007-03-01,0.492035195,Trend
2007-04-01,0.491942174,Trend
2007-05-01,0.491852153,Trend
2007-06-01,0.491759131,Trend
2007-07-01,0.491669111,Trend
2007-08-01,0.491576089,Trend
2007-09-01,0.491483067,Trend
2007-10-01,0.491393047,Trend
2007-11-01,0.491300025,Trend
2007-12-01,0.491210004,Trend
2008-01-01,0.491116983,Trend
2008-02-01,0.491023961,Trend
2008-03-01,0.490936941,Trend
2008-04-01,0.49084392,Trend
2008-05-01,0.490753899,Trend
2008-06-01,0.490660877,Trend
2008-07-01,0.490570856,Trend
2008-08-01,0.490477835,Trend
2008-09-01,0.490384813,Trend
2008-10-01,0.490294793,Trend
2008-11-01,0.490201771,Trend
2008-12-01,0.49011175,Trend
2009-01-01,0.490018729,Trend
2009-02-01,0.489925707,Trend
2009-03-01,0.489841688,Trend
2009-04-01,0.489748666,Trend
2009-05-01,0.489658645,Trend
2009-06-01,0.489565624,Trend
2009-07-01,0.489475603,Trend
2009-08-01,0.489382582,Trend
2009-09-01,0.48928956,Trend
2009-10-01,0.489199539,Trend
2009-11-01,0.489106518,Trend
2009-12-01,0.489016497,Trend
2010-01-01,0.488923475,Trend
2010-02-01,0.488830454,Trend
2010-03-01,0.488746434,Trend
2010-04-01,0.488653413,Trend
2010-05-01,0.488563392,Trend
2010-06-01,0.488470371,Trend
2010-07-01,0.48838035,Trend
2010-08-01,0.488287328,Trend
2010-09-01,0.488194307,Trend
2010-10-01,0.488104286,Trend
2010-11-01,0.488011264,Trend
2010-12-01,0.487921244,Trend
2011-01-01,0.487828222,Trend
2011-02-01,0.4877352,Trend
2011-03-01,0.487651181,Trend
2011-04-01,0.48755816,Trend
2011-05-01,0.487468139,Trend
2011-06-01,0.487375117,Trend
2011-07-01,0.487285096,Trend
2011-08-01,0.487192075,Trend
2011-09-01,0.487099053,Trend
2011-10-01,0.487009032,Trend
2011-11-01,0.486916011,Trend
2011-12-01,0.48682599,Trend
2012-01-01,0.486732969,Trend
2012-02-01,0.486639947,Trend
2012-03-01,0.486552927,Trend
2012-04-01,0.486459905,Trend
2012-05-01,0.486369885,Trend
2012-06-01,0.486276863,Trend
2012-07-01,0.486186842,Trend
2012-08-01,0.486093821,Trend
2012-09-01,0.486000799,Trend
2012-10-01,0.485910778,Trend
2012-11-01,0.485817757,Trend
2012-12-01,0.485727736,Trend
2013-01-01,0.485634715,Trend
2013-02-01,0.485541693,Trend
2013-03-01,0.485457674,Trend
2013-04-01,0.485364652,Trend
2013-05-01,0.485274631,Trend
2013-06-01,0.48518161,Trend
2013-07-01,0.485091589,Trend
2013-08-01,0.484998567,Trend
2013-09-01,0.484905546,Trend
2013-10-01,0.484815525,Trend
2013-11-01,0.484722504,Trend
2013-12-01,0.484632483,Trend
2014-01-01,0.484539461,Trend
2014-02-01,0.48444644,Trend
2014-03-01,0.48436242,Trend
2014-04-01,0.484269399,Trend
2014-05-01,0.484179378,Trend
2014-06-01,0.484086356,Trend
2014-07-01,0.483996336,Trend
2014-08-01,0.483903314,Trend
2014-09-01,0.483810292,Trend
2014-10-01,0.483720272,Trend
2014-11-01,0.48362725,Trend
2014-12-01,0.483537229,Trend
2015-01-01,0.483444208,Trend
2015-02-01,0.483351186,Trend
2015-03-01,0.483267167,Trend
2015-04-01,0.483174145,Trend
2015-05-01,0.483084125,Trend
2015-06-01,0.482991103,Trend
2015-07-01,0.482901082,Trend
2015-08-01,0.482808061,Trend
2015-09-01,0.482715039,Trend
2015-10-01,0.482625018,Trend
2015-11-01,0.482531997,Trend
2015-12-01,0.482441976,Trend
2016-01-01,0.482348954,Trend
2016-02-01,0.482255933,Trend
2016-03-01,0.482168913,Trend
2016-04-01,0.482075891,Trend
2016-05-01,0.48198587,Trend
2016-06-01,0.481892849,Trend
2016-07-01,0.481802828,Trend
2016-08-01,0.481709807,Trend
2016-09-01,0.481616785,Trend
2016-10-01,0.481526764,Trend
2016-11-01,0.481433743,Trend
2016-12-01,0.481343722,Trend
2017-01-01,0.4812507,Trend
2017-02-01,0.481157679,Trend
2017-03-01,0.481073659,Trend
2017-04-01,0.480980638,Trend
2017-05-01,0.480890617,Trend
2017-06-01,0.480797596,Trend
2017-07-01,0.480707575,Trend
2017-08-01,0.480614553,Trend
2017-09-01,0.480521532,Trend
2017-10-01,0.480431511,Trend
2017-11-01,0.480338489,Trend
2017-12-01,0.480248469,Trend
2018-01-01,0.480155447,Trend
2018-02-01,0.480062425,Trend
2018-03-01,0.479978406,Trend
2018-04-01,0.479885385,Trend
2018-05-01,0.479795364,Trend
2018-06-01,0.479702342,Trend
2018-07-01,0.479612321,Trend
2018-08-01,0.4795193,Trend
2018-09-01,0.479426278,Trend
2018-10-01,0.479336257,Trend
2018-11-01,0.479243236,Trend
2018-12-01,0.479153215,Trend
2019-01-01,0.479060194,Trend
2019-02-01,0.478967172,Trend
2019-03-01,0.478883153,Trend
2019-04-01,0.478790131,Trend
2019-05-01,0.47870011,Trend
2019-06-01,0.478607089,Trend
2019-07-01,0.478517068,Trend
2019-08-01,0.478424046,Trend
2019-09-01,0.478331025,Trend
2019-10-01,0.478241004,Trend
2019-11-01,0.478147983,Trend
2019-12-01,0.478057962,Trend
2020-01-01,0.47796494,Trend
2020-02-01,0.477871919,Trend
2020-03-01,0.477784899,Trend
2020-04-01,0.477691877,Trend
2020-05-01,0.477601856,Trend
2020-06-01,0.477508835,Trend
2020-07-01,0.477418814,Trend
2020-08-01,0.477325792,Trend
2020-09-01,0.477232771,Trend
2020-10-01,0.47714275,Trend
2020-11-01,0.477049729,Trend
2020-12-01,0.476959708,Trend
2021-01-01,0.476866686,Trend
2021-02-01,0.476773665,Trend
2021-03-01,0.476689645,Trend
2021-04-01,0.476596624,Trend
2021-05-01,0.476506603,Trend
2021-06-01,0.476413581,Trend
2021-07-01,0.476323561,Trend
2021-08-01,0.476230539,Trend
2021-09-01,0.476137517,Trend
2021-10-01,0.476047497,Trend
2021-11-01,0.475954475,Trend
2021-12-01,0.475864454,Trend
2022-01-01,0.475771433,Trend
2022-02-01,0.475678411,Trend
2022-03-01,0.475594392,Trend
2022-04-01,0.47550137,Trend
2022-05-01,0.47541135,Trend
2022-06-01,0.475318328,Trend
2022-07-01,0.475228307,Trend
2022-08-01,0.475135286,Trend
2022-09-01,0.475042264,Trend
2022-10-01,0.474952243,Trend
2022-11-01,0.474859222,Trend
2022-12-01,0.474769201,Trend
2023-01-01,0.474676179,Trend
2023-02-01,0.474583158,Trend
2023-03-01,0.474499138,Trend
2023-04-01,0.474406117,Trend
2023-05-01,0.474316096,Trend
2023-06-01,0.474223075,Trend
2023-07-01,0.474133054,Trend
2023-08-01,0.474040032,Trend
2023-09-01,0.473947011,Trend
2023-10-01,0.47385699,Trend
2023-11-01,0.473763968,Trend
2023-12-01,0.473673948,Trend
2024-01-01,0.473580926,Trend
2024-02-01,0.473487905,Trend
2024-03-01,0.473400884,Trend
2024-04-01,0.473307863,Trend
2024-05-01,0.473217842,Trend
2024-06-01,0.473124821,Trend
2024-07-01,0.4730348,Trend
2024-08-01,0.472941778,Trend
2024-09-01,0.472848757,Trend
2024-10-01,0.472758736,Trend
2024-11-01,0.472665714,Trend
2024-12-01,0.472575694,Trend
2025-01-01,0.472482672,Trend
2025-02-01,0.47238965,Trend
2025-03-01,0.472305631,Trend
2025-04-01,0.47221261,Trend
2025-05-01,0.472122589,Trend
2025-06-01,0.472029567,Trend
2025-07-01,0.471939546,Trend
2025-08-01,0.471846525,Trend
